LAYER SALARIES,,,,,,,
RANK,NAME,TEAM,POS, SALARY ,YEARS, TOTAL VALUE , AVG ANNUAL 
1,Max Scherzer,WSH,SP," 42,142,857.00 ",7 (2015-21)," 210,000,000.00 "," 30,000,000.00 "
2,Stephen Strasburg,WSH,SP," 36,428,571.00 ",7 (2017-23)," 175,000,000.00 "," 25,000,000.00 "
3,Mike Trout,LAA,CF," 34,083,333.00 ",6 (2015-20)," 144,500,000.00 "," 24,083,333.00 "
4,Zack Greinke,ARI,SP," 32,421,884.00 ",6 (2016-21)," 206,500,000.00 "," 34,416,667.00 "
5,Clayton Kershaw,LAD,SP," 31,000,000.00 ",3 (2019-21)," 93,000,000.00 "," 31,000,000.00 "
5,David Price,BOS,SP," 31,000,000.00 ",7 (2016-22)," 217,000,000.00 "," 31,000,000.00 "
7,Miguel Cabrera,DET,DH," 30,000,000.00 ",10 (2014-23)," 292,000,000.00 "," 29,200,000.00 "
8,Yoenis Cespedes,NYM,OF," 29,000,000.00 ",4 (2017-20)," 110,000,000.00 "," 27,500,000.00 "
9,Albert Pujols,LAA,DH," 28,000,000.00 ",10 (2012-21)," 240,000,000.00 "," 24,000,000.00 "
9,Justin Verlander,HOU,SP," 28,000,000.00 ",7 (2013-19)," 180,000,000.00 "," 25,714,286.00 "
11,Felix Hernandez,SEA,SP," 27,857,143.00 ",7 (2013-19)," 175,000,000.00 "," 25,000,000.00 "
12,Jon Lester,CHC,SP," 27,500,000.00 ",6 (2015-20)," 155,000,000.00 "," 25,833,333.00 "
13,Nolan Arenado,COL,3B," 26,000,000.00 ",1 (2019)," 26,000,000.00 "," 26,000,000.00 "
13,Giancarlo Stanton,NYY,RF," 26,000,000.00 ",13 (2015-27)," 325,000,000.00 "," 25,000,000.00 "
15,Joey Votto,CIN,1B," 25,000,000.00 ",10 (2014-23)," 225,000,000.00 "," 22,500,000.00 "
15,Jake Arrieta,PHI,SP," 25,000,000.00 ",3 (2018-20)," 75,000,000.00 "," 25,000,000.00 "
15,Jordan Zimmermann,DET,SP," 25,000,000.00 ",5 (2016-20)," 110,000,000.00 "," 22,000,000.00 "
18,Robinson Cano,NYM,2B," 24,000,000.00 ",10 (2014-23)," 240,000,000.00 "," 24,000,000.00 "
19,J.D. Martinez,BOS,OF," 23,750,000.00 ",5 (2018-22)," 110,000,000.00 "," 22,000,000.00 "
20,Edwin Encarnacion,SEA,1B," 23,333,333.00 ",3 (2017-19)," 60,000,000.00 "," 20,000,000.00 "
21,Josh Donaldson,ATL,3B," 23,000,000.00 ",1 (2019)," 23,000,000.00 "," 23,000,000.00 "
22,Johnny Cueto,SF,SP," 22,666,666.00 ",6 (2016-21)," 130,000,000.00 "," 21,666,667.00 "
23,Buster Posey,SF,C," 22,511,111.00 ",9 (2013-21)," 167,000,000.00 "," 18,555,556.00 "
24,Masahiro Tanaka,NYY,SP," 22,000,000.00 ",7 (2014-20)," 155,000,000.00 "," 22,142,857.00 "
25,Jacoby Ellsbury,NYY,OF," 21,857,142.00 ",7 (2014-20)," 153,000,000.00 "," 21,857,143.00 "
26,Eric Hosmer,SD,1B," 21,625,000.00 ",8 (2018-25)," 144,000,000.00 "," 18,000,000.00 "
27,Charlie Blackmon,COL,CF," 21,516,666.00 ",6 (2018-23)," 108,000,000.00 "," 18,000,000.00 "
28,Matt Kemp,CIN,OF," 21,500,000.00 ",8 (2012-19)," 160,000,000.00 "," 20,000,000.00 "
29,Freddie Freeman,ATL,1B," 21,359,375.00 ",8 (2014-21)," 135,000,000.00 "," 16,875,000.00 "
30,Rick Porcello,BOS,SP," 21,125,000.00 ",4 (2016-19)," 82,500,000.00 "," 20,625,000.00 "
31,Chris Davis,BAL,1B," 21,116,517.00 ",7 (2016-22)," 161,000,000.00 "," 23,000,000.00 "
32,Shin-Soo Choo,TEX,DH," 21,000,000.00 ",7 (2014-20)," 130,000,000.00 "," 18,571,429.00 "
32,Alex Gordon,KC,LF," 21,000,000.00 ",4 (2016-19)," 72,000,000.00 "," 18,000,000.00 "
34,Carlos Santana,CLE,1B," 20,500,000.00 ",3 (2018-20)," 60,000,000.00 "," 20,000,000.00 "
35,Yadier Molina,STL,C," 20,000,000.00 ",3 (2018-20)," 60,000,000.00 "," 20,000,000.00 "
35,Russell Martin,LAD,C," 20,000,000.00 ",1 (2019)," 20,000,000.00 "," 20,000,000.00 "
35,Jason Heyward,CHC,RF," 20,000,000.00 ",8 (2016-23)," 184,000,000.00 "," 23,000,000.00 "
35,Mookie Betts,BOS,RF," 20,000,000.00 ",1 (2019)," 20,000,000.00 "," 20,000,000.00 "
35,Yu Darvish,CHC,SP," 20,000,000.00 ",6 (2018-23)," 126,000,000.00 "," 21,000,000.00 "
35,Cole Hamels,CHC,SP," 20,000,000.00 ",1 (2019)," 20,000,000.00 "," 20,000,000.00 "
41,Jeff Samardzija,SF,SP," 19,800,000.00 ",5 (2016-20)," 90,000,000.00 "," 18,000,000.00 "
42,Wei-Yin Chen,MIA,RP," 19,773,520.00 ",5 (2016-20)," 80,000,000.00 "," 16,000,000.00 "
43,Justin Upton,LAA,LF," 19,700,000.00 ",5 (2018-22)," 106,000,000.00 "," 21,200,000.00 "
44,Kyle Seager,SEA,3B," 19,500,000.00 ",7 (2015-21)," 100,000,000.00 "," 14,285,714.00 "
45,Justin Turner,LAD,3B," 19,000,000.00 ",4 (2017-20)," 64,000,000.00 "," 16,000,000.00 "
45,Mark Melancon,SF,RP," 19,000,000.00 ",4 (2017-20)," 62,000,000.00 "," 15,500,000.00 "
47,Anthony Rendon,WSH,3B," 18,800,000.00 ",1 (2019)," 18,800,000.00 "," 18,800,000.00 "
47,Kenley Jansen,LAD,RP," 18,800,000.00 ",5 (2017-21)," 80,000,000.00 "," 16,000,000.00 "
49,Rich Hill,LAD,SP," 18,666,667.00 ",3 (2017-19)," 48,000,000.00 "," 16,000,000.00 "
50,Pablo Sandoval,SF,3B," 18,600,000.00 ",5 (2015-19)," 95,000,000.00 "," 19,000,000.00 "
51,Ryan Zimmerman,WSH,1B," 18,333,333.00 ",6 (2014-19)," 100,000,000.00 "," 16,666,667.00 "
51,Wade Davis,COL,RP," 18,333,333.00 ",3 (2018-20)," 52,000,000.00 "," 17,333,333.00 "
53,Yasmani Grandal,MIL,C," 18,250,000.00 ",1 (2019)," 18,250,000.00 "," 18,250,000.00 "
54,Ryan Braun,MIL,LF," 18,158,038.00 ",13 (2008-20)," 150,000,000.00 "," 11,538,462.00 "
55,Hyun-Jin Ryu,LAD,SP," 17,900,000.00 ",1 (2019)," 17,900,000.00 "," 17,900,000.00 "
56,Brandon Belt,SF,1B," 17,200,000.00 ",5 (2017-21)," 72,800,000.00 "," 14,560,000.00 "
56,Aroldis Chapman,NYY,RP," 17,200,000.00 ",5 (2017-21)," 86,000,000.00 "," 17,200,000.00 "
56,Corey Kluber,CLE,SP," 17,200,000.00 ",5 (2015-19)," 38,500,000.00 "," 7,700,000.00 "
59,Mike Leake,SEA,SP," 17,000,000.00 ",5 (2016-20)," 80,000,000.00 "," 16,000,000.00 "
59,Nathan Eovaldi,BOS,SP," 17,000,000.00 ",4 (2019-22)," 68,000,000.00 "," 17,000,000.00 "
59,J.A. Happ,NYY,SP," 17,000,000.00 ",2 (2019-20)," 34,000,000.00 "," 17,000,000.00 "
62,Khris Davis,OAK,DH," 16,500,000.00 ",1 (2019)," 16,500,000.00 "," 16,500,000.00 "
62,Dexter Fowler,STL,RF," 16,500,000.00 ",5 (2017-21)," 82,500,000.00 "," 16,500,000.00 "
62,Ian Kennedy,KC,SP," 16,500,000.00 ",5 (2016-20)," 70,000,000.00 "," 14,000,000.00 "
65,Jose Abreu,CWS,1B," 16,000,000.00 ",1 (2019)," 16,000,000.00 "," 16,000,000.00 "
65,Michael Brantley,HOU,LF," 16,000,000.00 ",2 (2019-20)," 32,000,000.00 "," 16,000,000.00 "
67,Evan Longoria,SF,3B," 15,500,000.00 ",6 (2017-22)," 100,000,000.00 "," 16,666,667.00 "
68,Ian Desmond,COL,CF," 15,400,000.00 ",5 (2017-21)," 70,000,000.00 "," 14,000,000.00 "
69,Matt Carpenter,STL,3B," 15,333,333.00 ",6 (2014-19)," 52,000,000.00 "," 8,666,667.00 "
70,Danny Duffy,KC,SP," 15,250,000.00 ",5 (2017-21)," 65,000,000.00 "," 13,000,000.00 "
70,Elvis Andrus,TEX,SS," 15,250,000.00 ",8 (2015-22)," 120,000,000.00 "," 15,000,000.00 "
72,Brandon Crawford,SF,SS," 15,200,000.00 ",6 (2016-21)," 75,000,000.00 "," 12,500,000.00 "
73,Jean Segura,PHI,SS," 15,050,000.00 ",5 (2018-22)," 70,000,000.00 "," 14,000,000.00 "
74,Paul Goldschmidt,STL,1B," 15,000,000.00 ",1 (2019)," 15,000,000.00 "," 15,000,000.00 "
74,Martin Prado,MIA,3B," 15,000,000.00 ",3 (2017-19)," 40,000,000.00 "," 13,333,333.00 "
74,Lorenzo Cain,MIL,CF," 15,000,000.00 ",5 (2018-22)," 80,000,000.00 "," 16,000,000.00 "
74,Charlie Morton,TB,SP," 15,000,000.00 ",2 (2019-20)," 30,000,000.00 "," 15,000,000.00 "
74,Chris Sale,BOS,SP," 15,000,000.00 ",1 (2019)," 15,000,000.00 "," 15,000,000.00 "
79,Jason Kipnis,CLE,2B," 14,666,667.00 ",6 (2014-19)," 52,500,000.00 "," 8,750,000.00 "
80,Dustin Pedroia,BOS,2B," 14,521,686.00 ",8 (2014-21)," 110,000,000.00 "," 13,750,000.00 "
81,Nelson Cruz,MIN,DH," 14,300,000.00 ",1 (2019)," 14,300,000.00 "," 14,300,000.00 "
82,Jay Bruce,SEA,RF," 14,000,000.00 ",3 (2018-20)," 39,000,000.00 "," 13,000,000.00 "
82,Alex Cobb,BAL,SP," 14,000,000.00 ",4 (2018-21)," 57,000,000.00 "," 14,250,000.00 "
84,Dee Gordon,SEA,2B," 13,500,000.00 ",5 (2016-20)," 50,000,000.00 "," 10,000,000.00 "
84,Gerrit Cole,HOU,SP," 13,500,000.00 ",1 (2019)," 13,500,000.00 "," 13,500,000.00 "
86,Mark Trumbo,BAL,DH," 13,274,428.00 ",3 (2017-19)," 36,887,268.00 "," 12,295,756.00 "
87,Jedd Gyorko,STL,3B," 13,166,666.00 ",6 (2014-19)," 35,510,900.00 "," 5,918,483.00 "
88,Daniel Murphy,COL,1B," 13,000,000.00 ",2 (2019-20)," 24,000,000.00 "," 12,000,000.00 "
88,Josh Reddick,HOU,RF," 13,000,000.00 ",4 (2017-20)," 52,000,000.00 "," 13,000,000.00 "
88,Zack Britton,NYY,RP," 13,000,000.00 ",3 (2019-21)," 13,000,000.00 "," 4,333,333.00 "
88,Trevor Bauer,CLE,SP," 13,000,000.00 ",1 (2019)," 13,000,000.00 "," 13,000,000.00 "
88,Andrelton Simmons,LAA,SS," 13,000,000.00 ",7 (2014-20)," 58,000,000.00 "," 8,285,714.00 "
93,Patrick Corbin,WSH,SP," 12,916,666.00 ",6 (2019-24)," 140,000,000.00 "," 23,333,333.00 "
94,Kris Bryant,CHC,3B," 12,900,000.00 ",1 (2019)," 12,900,000.00 "," 12,900,000.00 "
95,Zack Cozart,LAA,3B," 12,666,667.00 ",3 (2018-20)," 38,000,000.00 "," 12,666,667.00 "
96,Ben Zobrist,CHC,2B," 12,500,000.00 ",4 (2016-19)," 56,000,000.00 "," 14,000,000.00 "
96,Tyler Chatwood,CHC,RP," 12,500,000.00 ",3 (2018-20)," 38,000,000.00 "," 12,666,667.00 "
98,Anthony Rizzo,CHC,1B," 12,285,714.00 ",7 (2013-19)," 41,000,000.00 "," 5,857,143.00 "
99,Marcell Ozuna,STL,LF," 12,250,000.00 ",1 (2019)," 12,250,000.00 "," 12,250,000.00 "
99,Andrew Miller,STL,RP," 12,250,000.00 ",2 (2019-20)," 25,000,000.00 "," 12,500,000.00 "
101,Starlin Castro,MIA,2B," 12,000,000.00 ",7 (2013-19)," 60,000,000.00 "," 8,571,429.00 "
101,DJ LeMahieu,NYY,2B," 12,000,000.00 ",2 (2019-20)," 24,000,000.00 "," 12,000,000.00 "
101,Manny Machado,SD,3B," 12,000,000.00 ",10 (2019-28)," 300,000,000.00 "," 30,000,000.00 "
101,Marwin Gonzalez,MIN,3B," 12,000,000.00 ",2 (2019-20)," 21,000,000.00 "," 10,500,000.00 "
101,George Springer,HOU,CF," 12,000,000.00 ",2 (2018-19)," 24,000,000.00 "," 12,000,000.00 "
101,Kendrys Morales,OAK,DH," 12,000,000.00 ",3 (2017-19)," 33,000,000.00 "," 11,000,000.00 "
101,Madison Bumgarner,SF,SP," 12,000,000.00 ",1 (2019)," 12,000,000.00 "," 12,000,000.00 "
101,Xander Bogaerts,BOS,SS," 12,000,000.00 ",1 (2019)," 12,000,000.00 "," 12,000,000.00 "
109,Carlos Martinez,STL,SP," 11,800,000.00 ",5 (2017-21)," 51,000,000.00 "," 10,200,000.00 "
110,Didi Gregorius,NYY,SS," 11,750,000.00 ",1 (2019)," 11,750,000.00 "," 11,750,000.00 "
111,Bryce Harper,PHI,RF," 11,538,461.00 ",13 (2019-31)," 330,000,000.00 "," 25,384,615.00 "
112,Francisco Cervelli,PIT,C," 11,500,000.00 ",3 (2017-19)," 31,000,000.00 "," 10,333,333.00 "
113,Salvador Perez,KC,C," 11,200,000.00 ",6 (2016-21)," 54,500,000.00 "," 9,083,333.00 "
114,Julio Teheran,ATL,SP," 11,166,666.00 ",6 (2014-19)," 32,400,000.00 "," 5,400,000.00 "
115,Andrew McCutchen,PHI,LF," 11,000,000.00 ",3 (2019-21)," 50,000,000.00 "," 16,666,667.00 "
115,David Robertson,PHI,RP," 11,000,000.00 ",2 (2019-20)," 23,000,000.00 "," 11,500,000.00 "
115,Matt Harvey,LAA,SP," 11,000,000.00 ",1 (2019)," 11,000,000.00 "," 11,000,000.00 "
118,Kole Calhoun,LAA,RF," 10,833,333.00 ",3 (2017-19)," 26,000,000.00 "," 8,666,667.00 "
119,Starling Marte,PIT,CF," 10,666,666.00 ",6 (2014-19)," 31,000,000.00 "," 5,166,667.00 "
120,Francisco Lindor,CLE,SS," 10,550,000.00 ",1 (2019)," 10,550,000.00 "," 10,550,000.00 "
121,Brandon Morrow,CHC,RP," 10,500,000.00 ",2 (2018-19)," 21,000,000.00 "," 10,500,000.00 "
121,Jose Quintana,CHC,SP," 10,500,000.00 ",1 (2019)," 10,500,000.00 "," 10,500,000.00 "
121,Carlos Carrasco,CLE,SP," 10,500,000.00 ",4 (2019-22)," 47,000,000.00 "," 11,750,000.00 "
124,Yulieski Gurriel,HOU,1B," 10,000,000.00 ",5 (2016-20)," 47,500,000.00 "," 9,500,000.00 "
124,Mike Moustakas,MIL,2B," 10,000,000.00 ",1 (2019)," 10,000,000.00 "," 10,000,000.00 "
124,Tanner Roark,CIN,SP," 10,000,000.00 ",1 (2019)," 10,000,000.00 "," 10,000,000.00 "
127,Nick Castellanos,DET,RF," 9,950,000.00 ",1 (2019)," 9,950,000.00 "," 9,950,000.00 "
128,Christian Yelich,MIL,RF," 9,928,571.00 ",7 (2015-21)," 49,570,000.00 "," 7,081,429.00 "
129,Mike Minor,TEX,SP," 9,833,333.00 ",3 (2018-20)," 28,000,000.00 "," 9,333,333.00 "
130,Scooter Gennett,CIN,2B," 9,775,000.00 ",1 (2019)," 9,775,000.00 "," 9,775,000.00 "
131,Yasiel Puig,CIN,RF," 9,700,000.00 ",1 (2019)," 9,700,000.00 "," 9,700,000.00 "
132,Alex Wood,CIN,SP," 9,650,000.00 ",1 (2019)," 9,650,000.00 "," 9,650,000.00 "
133,Jose Altuve,HOU,2B," 9,500,000.00 ",7 (2018-24)," 163,500,000.00 "," 23,357,143.00 "
133,Yusei Kikuchi,SEA,SP," 9,500,000.00 ",4 (2019-22)," 56,000,000.00 "," 14,000,000.00 "
133,Andrew Cashner,BAL,SP," 9,500,000.00 ",2 (2018-19)," 16,000,000.00 "," 8,000,000.00 "
133,Jake Odorizzi,MIN,SP," 9,500,000.00 ",1 (2019)," 9,500,000.00 "," 9,500,000.00 "
137,Kevin Gausman,ATL,SP," 9,350,000.00 ",1 (2019)," 9,350,000.00 "," 9,350,000.00 "
138,Lance Lynn,TEX,SP," 9,333,333.00 ",3 (2019-21)," 30,000,000.00 "," 10,000,000.00 "
139,Juan Nicasio,PHI,RP," 9,250,000.00 ",2 (2018-19)," 17,000,000.00 "," 8,500,000.00 "
140,Ivan Nova,CWS,SP," 9,166,667.00 ",3 (2017-19)," 26,000,000.00 "," 8,666,667.00 "
141,Bryan Shaw,COL,RP," 9,166,666.00 ",3 (2018-20)," 27,000,000.00 "," 9,000,000.00 "
141,Jake McGee,COL,RP," 9,166,666.00 ",3 (2018-20)," 27,000,000.00 "," 9,000,000.00 "
143,Juan Lagares,NYM,CF," 9,100,000.00 ",5 (2015-19)," 23,553,696.00 "," 4,710,739.00 "
144,Brian Dozier,WSH,2B," 9,000,000.00 ",1 (2019)," 9,000,000.00 "," 9,000,000.00 "
144,Todd Frazier,NYM,3B," 9,000,000.00 ",2 (2018-19)," 17,000,000.00 "," 8,500,000.00 "
144,Tommy Hunter,PHI,RP," 9,000,000.00 ",2 (2018-19)," 18,000,000.00 "," 9,000,000.00 "
144,Kelvin Herrera,CWS,RP," 9,000,000.00 ",2 (2019-20)," 18,000,000.00 "," 9,000,000.00 "
144,Adam Ottavino,NYY,RP," 9,000,000.00 ",3 (2019-21)," 27,000,000.00 "," 9,000,000.00 "
144,Trevor Cahill,LAA,SP," 9,000,000.00 ",1 (2019)," 9,000,000.00 "," 9,000,000.00 "
144,Jacob deGrom,NYM,SP," 9,000,000.00 ",5 (2019-23)," 137,500,000.00 "," 27,500,000.00 "
144,Jason Vargas,NYM,SP," 9,000,000.00 ",2 (2018-19)," 16,000,000.00 "," 8,000,000.00 "
144,Anibal Sanchez,WSH,SP," 9,000,000.00 ",2 (2019-20)," 19,000,000.00 "," 9,500,000.00 "
153,Darren O'''Day,ATL,RP," 8,854,712.00 ",4 (2016-19)," 31,000,000.00 "," 7,750,000.00 "
154,Adam Eaton,WSH,RF," 8,700,000.00 ",5 (2015-19)," 23,500,000.00 "," 4,700,000.00 "
155,Kevin Kiermaier,TB,CF," 8,583,333.00 ",6 (2017-22)," 54,000,000.00 "," 9,000,000.00 "
156,James Paxton,NYY,SP," 8,575,000.00 ",1 (2019)," 8,575,000.00 "," 8,575,000.00 "
157,Jackie Bradley Jr.,BOS,CF," 8,550,000.00 ",1 (2019)," 8,550,000.00 "," 8,550,000.00 "
158,Jed Lowrie,NYM,2B," 8,500,000.00 ",2 (2019-20)," 20,000,000.00 "," 10,000,000.00 "
158,Yonder Alonso,CWS,DH," 8,500,000.00 ",2 (2018-19)," 16,000,000.00 "," 8,000,000.00 "
158,Corey Dickerson,PIT,LF," 8,500,000.00 ",1 (2019)," 8,500,000.00 "," 8,500,000.00 "
158,Cody Allen,LAA,RP," 8,500,000.00 ",1 (2019)," 8,500,000.00 "," 8,500,000.00 "
158,Anthony Swarzak,SEA,RP," 8,500,000.00 ",2 (2018-19)," 14,000,000.00 "," 7,000,000.00 "
158,Addison Reed,MIN,RP," 8,500,000.00 ",2 (2018-19)," 16,750,000.00 "," 8,375,000.00 "
164,Rougned Odor,TEX,2B," 8,333,333.00 ",6 (2017-22)," 49,500,000.00 "," 8,250,000.00 "
165,Pat Neshek,PHI,RP," 8,125,000.00 ",2 (2018-19)," 16,250,000.00 "," 8,125,000.00 "
165,Kyle Gibson,MIN,SP," 8,125,000.00 ",1 (2019)," 8,125,000.00 "," 8,125,000.00 "
167,Justin Smoak,TOR,1B," 8,000,000.00 ",1 (2019)," 8,000,000.00 "," 8,000,000.00 "
167,Wilson Ramos,NYM,C," 8,000,000.00 ",2 (2019-20)," 19,000,000.00 "," 9,500,000.00 "
167,Jason Castro,MIN,C," 8,000,000.00 ",3 (2017-19)," 24,500,000.00 "," 8,166,667.00 "
167,Joe Smith,HOU,RP," 8,000,000.00 ",2 (2018-19)," 15,000,000.00 "," 7,500,000.00 "
167,Miles Mikolas,STL,SP," 8,000,000.00 ",2 (2018-19)," 15,500,000.00 "," 7,750,000.00 "
167,Michael Pineda,MIN,SP," 8,000,000.00 ",2 (2018-19)," 10,000,000.00 "," 5,000,000.00 "
167,CC Sabathia,NYY,SP," 8,000,000.00 ",1 (2019)," 8,000,000.00 "," 8,000,000.00 "
174,Chris Archer,PIT,SP," 7,758,333.00 ",6 (2014-19)," 25,500,000.00 "," 4,250,000.00 "
175,Cesar Hernandez,PHI,2B," 7,750,000.00 ",1 (2019)," 7,750,000.00 "," 7,750,000.00 "
175,Brett Cecil,STL,RP," 7,750,000.00 ",4 (2017-20)," 30,500,000.00 "," 7,625,000.00 "
177,Jonathan Schoop,MIN,2B," 7,500,000.00 ",1 (2019)," 7,500,000.00 "," 7,500,000.00 "
177,Welington Castillo,CWS,C," 7,500,000.00 ",2 (2018-19)," 15,000,000.00 "," 7,500,000.00 "
177,Brett Gardner,NYY,LF," 7,500,000.00 ",1 (2019)," 7,500,000.00 "," 7,500,000.00 "
177,Stephen Piscotty,OAK,RF," 7,500,000.00 ",6 (2017-22)," 33,500,000.00 "," 5,583,333.00 "
177,Steve Cishek,CHC,RP," 7,500,000.00 ",2 (2018-19)," 13,500,000.00 "," 6,750,000.00 "
177,Sonny Gray,CIN,SP," 7,500,000.00 ",1 (2019)," 7,500,000.00 "," 7,500,000.00 "
183,Brad Hand,CLE,RP," 7,416,666.00 ",3 (2018-20)," 19,750,000.00 "," 6,583,333.00 "
184,Kyle Hendricks,CHC,SP," 7,405,000.00 ",1 (2019)," 7,405,000.00 "," 7,405,000.00 "
185,Marcus Stroman,TOR,SP," 7,400,000.00 ",1 (2019)," 7,400,000.00 "," 7,400,000.00 "
186,Mike Dunn,COL,RP," 7,333,333.00 ",3 (2017-19)," 19,000,000.00 "," 6,333,333.00 "
187,Alex Colome,CWS,RP," 7,325,000.00 ",1 (2019)," 7,325,000.00 "," 7,325,000.00 "
188,Eugenio Suarez,CIN,3B," 7,285,714.00 ",7 (2018-24)," 66,000,000.00 "," 9,428,571.00 "
189,Yan Gomes,WSH,C," 7,250,000.00 ",6 (2014-19)," 23,000,000.00 "," 3,833,333.00 "
189,Dellin Betances,NYY,RP," 7,250,000.00 ",1 (2019)," 7,250,000.00 "," 7,250,000.00 "
191,David Peralta,ARI,LF," 7,000,000.00 ",1 (2019)," 7,000,000.00 "," 7,000,000.00 "
191,Trevor Rosenthal,WSH,RP," 7,000,000.00 ",1 (2019)," 7,000,000.00 "," 7,000,000.00 "
191,Derek Holland,SF,SP," 7,000,000.00 ",1 (2019)," 7,000,000.00 "," 7,000,000.00 "
191,Garrett Richards,SD,SP," 7,000,000.00 ",2 (2019-20)," 15,500,000.00 "," 7,750,000.00 "
191,Drew Smyly,TEX,SP," 7,000,000.00 ",2 (2018-19)," 10,000,000.00 "," 5,000,000.00 "
196,Chase Anderson,MIL,SP," 6,750,000.00 ",2 (2018-19)," 11,750,000.00 "," 5,875,000.00 "
196,Jhoulys Chacin,MIL,SP," 6,750,000.00 ",2 (2018-19)," 15,500,000.00 "," 7,750,000.00 "
198,Kolten Wong,STL,2B," 6,700,000.00 ",5 (2016-20)," 25,500,000.00 "," 5,100,000.00 "
198,Gregory Polanco,PIT,OF," 6,700,000.00 ",5 (2017-21)," 35,000,000.00 "," 7,000,000.00 "
200,Jeurys Familia,NYM,RP," 6,666,666.00 ",3 (2019-21)," 30,000,000.00 "," 10,000,000.00 "
201,Mitch Moreland,BOS,1B," 6,500,000.00 ",2 (2018-19)," 13,000,000.00 "," 6,500,000.00 "
201,Roberto Osuna,HOU,RP," 6,500,000.00 ",1 (2019)," 6,500,000.00 "," 6,500,000.00 "
201,Joakim Soria,OAK,RP," 6,500,000.00 ",2 (2019-20)," 15,000,000.00 "," 7,500,000.00 "
201,Tony Watson,SF,RP," 6,500,000.00 ",2 (2018-19)," 9,500,000.00 "," 4,750,000.00 "
201,Sean Doolittle,WSH,RP," 6,500,000.00 ",1 (2019)," 6,500,000.00 "," 6,500,000.00 "
206,Aaron Hicks,NYY,CF," 6,428,571.00 ",7 (2019-25)," 70,000,000.00 "," 10,000,000.00 "
207,Blake Treinen,OAK,RP," 6,400,000.00 ",1 (2019)," 6,400,000.00 "," 6,400,000.00 "
208,Michael Wacha,STL,SP," 6,350,000.00 ",1 (2019)," 6,350,000.00 "," 6,350,000.00 "
209,Eric Thames,MIL,1B," 6,333,333.00 ",3 (2017-19)," 16,000,000.00 "," 5,333,333.00 "
210,Ken Giles,TOR,RP," 6,300,000.00 ",1 (2019)," 6,300,000.00 "," 6,300,000.00 "
211,Steve Pearce,BOS,1B," 6,250,000.00 ",1 (2019)," 6,250,000.00 "," 6,250,000.00 "
211,Pedro Strop,CHC,RP," 6,250,000.00 ",1 (2019)," 6,250,000.00 "," 6,250,000.00 "
213,Max Kepler,MIN,RF," 6,200,000.00 ",5 (2019-23)," 35,000,000.00 "," 7,000,000.00 "
214,Eduardo Escobar,ARI,3B," 6,166,666.00 ",3 (2019-21)," 21,000,000.00 "," 7,000,000.00 "
215,Robbie Ray,ARI,SP," 6,050,000.00 ",1 (2019)," 6,050,000.00 "," 6,050,000.00 "
216,Tyler Flowers,ATL,C," 6,000,000.00 ",1 (2019)," 6,000,000.00 "," 6,000,000.00 "
216,Nick Markakis,ATL,RF," 6,000,000.00 ",1 (2019)," 6,000,000.00 "," 6,000,000.00 "
216,Yusmeiro Petit,OAK,RP," 6,000,000.00 ",2 (2018-19)," 10,000,000.00 "," 5,000,000.00 "
216,Raisel Iglesias,CIN,RP," 6,000,000.00 ",3 (2019-21)," 24,125,000.00 "," 8,041,667.00 "
216,Mike Fiers,OAK,SP," 6,000,000.00 ",2 (2019-20)," 14,100,000.00 "," 7,050,000.00 "
216,Noah Syndergaard,NYM,SP," 6,000,000.00 ",1 (2019)," 6,000,000.00 "," 6,000,000.00 "
222,Zack Wheeler,NYM,SP," 5,975,000.00 ",1 (2019)," 5,975,000.00 "," 5,975,000.00 "
223,J.T. Realmuto,PHI,C," 5,900,000.00 ",1 (2019)," 5,900,000.00 "," 5,900,000.00 "
223,Marcus Semien,OAK,SS," 5,900,000.00 ",1 (2019)," 5,900,000.00 "," 5,900,000.00 "
225,Kevin Pillar,TOR,CF," 5,800,000.00 ",1 (2019)," 5,800,000.00 "," 5,800,000.00 "
225,Collin McHugh,HOU,SP," 5,800,000.00 ",1 (2019)," 5,800,000.00 "," 5,800,000.00 "
227,Robinson Chirinos,HOU,C," 5,750,000.00 ",1 (2019)," 5,750,000.00 "," 5,750,000.00 "
227,Tyson Ross,DET,SP," 5,750,000.00 ",1 (2019)," 5,750,000.00 "," 5,750,000.00 "
229,Ender Inciarte,ATL,CF," 5,700,000.00 ",5 (2017-21)," 30,525,000.00 "," 6,105,000.00 "
230,Wil Myers,SD,LF," 5,666,666.00 ",6 (2017-22)," 83,000,000.00 "," 13,833,333.00 "
231,Aaron Nola,PHI,SP," 5,562,500.00 ",4 (2019-22)," 45,000,000.00 "," 11,250,000.00 "
232,Odubel Herrera,PHI,CF," 5,550,000.00 ",5 (2017-21)," 30,500,000.00 "," 6,100,000.00 "
233,Luke Gregerson,STL,RP," 5,500,000.00 ",2 (2018-19)," 11,000,000.00 "," 5,500,000.00 "
234,Mike Foltynewicz,ATL,SP," 5,475,000.00 ",1 (2019)," 5,475,000.00 "," 5,475,000.00 "
235,A.J. Pollock,LAD,CF," 5,250,000.00 ",4 (2019-22)," 55,000,000.00 "," 13,750,000.00 "
235,Billy Hamilton,KC,CF," 5,250,000.00 ",1 (2019)," 5,250,000.00 "," 5,250,000.00 "
235,Fernando Rodney,OAK,RP," 5,250,000.00 ",1 (2019)," 5,250,000.00 "," 5,250,000.00 "
235,Jordy Mercer,DET,SS," 5,250,000.00 ",1 (2019)," 5,250,000.00 "," 5,250,000.00 "
239,Maikel Franco,PHI,3B," 5,200,000.00 ",1 (2019)," 5,200,000.00 "," 5,200,000.00 "
239,Javier Baez,CHC,SS," 5,200,000.00 ",1 (2019)," 5,200,000.00 "," 5,200,000.00 "
241,Luis Severino,NYY,SP," 5,187,500.00 ",4 (2019-22)," 40,000,000.00 "," 10,000,000.00 "
242,Corey Knebel,MIL,RP," 5,125,000.00 ",1 (2019)," 5,125,000.00 "," 5,125,000.00 "
243,Taijuan Walker,ARI,SP," 5,025,000.00 ",1 (2019)," 5,025,000.00 "," 5,025,000.00 "
244,Eduardo Nunez,BOS,3B," 5,000,000.00 ",1 (2019)," 5,000,000.00 "," 5,000,000.00 "
244,Joc Pederson,LAD,LF," 5,000,000.00 ",1 (2019)," 5,000,000.00 "," 5,000,000.00 "
244,Randal Grichuk,TOR,RF," 5,000,000.00 ",1 (2019)," 5,000,000.00 "," 5,000,000.00 "
244,Brandon Kintzler,CHC,RP," 5,000,000.00 ",1 (2019)," 5,000,000.00 "," 5,000,000.00 "
244,Sam Dyson,SF,RP," 5,000,000.00 ",1 (2019)," 5,000,000.00 "," 5,000,000.00 "
244,Justin Wilson,NYM,RP," 5,000,000.00 ",2 (2019-20)," 10,000,000.00 "," 5,000,000.00 "
244,Carlos Correa,HOU,SS," 5,000,000.00 ",1 (2019)," 5,000,000.00 "," 5,000,000.00 "
244,Freddy Galvis,TOR,SS," 5,000,000.00 ",1 (2019)," 5,000,000.00 "," 5,000,000.00 "
244,Trevor Story,COL,SS," 5,000,000.00 ",1 (2019)," 5,000,000.00 "," 5,000,000.00 "
253,Jake Lamb,ARI,1B," 4,825,000.00 ",1 (2019)," 4,825,000.00 "," 4,825,000.00 "
253,Jonathan Villar,BAL,2B," 4,825,000.00 ",1 (2019)," 4,825,000.00 "," 4,825,000.00 "
255,C.J. Cron,MIN,1B," 4,800,000.00 ",1 (2019)," 4,800,000.00 "," 4,800,000.00 "
255,Arodys Vizcaino,ATL,RP," 4,800,000.00 ",1 (2019)," 4,800,000.00 "," 4,800,000.00 "
257,Felipe Vazquez,PIT,RP," 4,750,000.00 ",4 (2018-21)," 22,000,000.00 "," 5,500,000.00 "
258,Travis Shaw,MIL,3B," 4,675,000.00 ",1 (2019)," 4,675,000.00 "," 4,675,000.00 "
259,Jorge Soler,KC,RF," 4,666,666.00 ",9 (2012-20)," 30,000,000.00 "," 3,333,333.00 "
259,Joe Kelly,LAD,RP," 4,666,666.00 ",3 (2019-21)," 25,000,000.00 "," 8,333,333.00 "
261,Nate Jones,CWS,RP," 4,650,000.00 ",1 (2019)," 4,650,000.00 "," 4,650,000.00 "
262,Yolmer Sanchez,CWS,2B," 4,625,000.00 ",1 (2019)," 4,625,000.00 "," 4,625,000.00 "
263,Chris Iannetta,COL,C," 4,525,000.00 ",2 (2018-19)," 8,500,000.00 "," 4,250,000.00 "
264,David Freese,LAD,3B," 4,500,000.00 ",1 (2019)," 4,500,000.00 "," 4,500,000.00 "
264,Hector Rondon,HOU,RP," 4,500,000.00 ",2 (2018-19)," 8,500,000.00 "," 4,250,000.00 "
264,Wade Miley,HOU,SP," 4,500,000.00 ",1 (2019)," 4,500,000.00 "," 4,500,000.00 "
264,Danny Salazar,CLE,SP," 4,500,000.00 ",1 (2019)," 4,500,000.00 "," 4,500,000.00 "
268,Mike Zunino,TB,C," 4,412,500.00 ",1 (2019)," 4,412,500.00 "," 4,412,500.00 "
269,Eduardo Rodriguez,BOS,SP," 4,300,000.00 ",1 (2019)," 4,300,000.00 "," 4,300,000.00 "
270,Wilmer Flores,ARI,2B," 4,250,000.00 ",1 (2019)," 4,250,000.00 "," 4,250,000.00 "
270,Alex Avila,ARI,C," 4,250,000.00 ",2 (2018-19)," 8,250,000.00 "," 4,125,000.00 "
272,Will Harris,HOU,RP," 4,225,000.00 ",1 (2019)," 4,225,000.00 "," 4,225,000.00 "
272,Will Smith,SF,RP," 4,225,000.00 ",1 (2019)," 4,225,000.00 "," 4,225,000.00 "
274,Carlos Rodon,CWS,SP," 4,200,000.00 ",1 (2019)," 4,200,000.00 "," 4,200,000.00 "
275,Eddie Rosario,MIN,LF," 4,190,000.00 ",1 (2019)," 4,190,000.00 "," 4,190,000.00 "
276,Jorge Polanco,MIN,SS," 4,158,333.00 ",5 (2019-23)," 25,750,000.00 "," 5,150,000.00 "
277,Jose Ramirez,CLE,3B," 4,150,000.00 ",5 (2017-21)," 26,000,000.00 "," 5,200,000.00 "
278,Steven Souza Jr.,ARI,RF," 4,125,000.00 ",1 (2019)," 4,125,000.00 "," 4,125,000.00 "
279,Tommy Pham,TB,LF," 4,100,000.00 ",1 (2019)," 4,100,000.00 "," 4,100,000.00 "
279,Lance McCullers Jr.,HOU,SP," 4,100,000.00 ",1 (2019)," 4,100,000.00 "," 4,100,000.00 "
281,Michael Conforto,NYM,RF," 4,025,000.00 ",1 (2019)," 4,025,000.00 "," 4,025,000.00 "
282,Matt Adams,WSH,1B," 4,000,000.00 ",1 (2019)," 4,000,000.00 "," 4,000,000.00 "
282,Ian Kinsler,SD,2B," 4,000,000.00 ",2 (2019-20)," 8,000,000.00 "," 4,000,000.00 "
282,Kurt Suzuki,WSH,C," 4,000,000.00 ",2 (2019-20)," 10,000,000.00 "," 5,000,000.00 "
282,Howie Kendrick,WSH,OF," 4,000,000.00 ",2 (2018-19)," 7,000,000.00 "," 3,500,000.00 "
282,Jon Jay,CWS,RF," 4,000,000.00 ",1 (2019)," 4,000,000.00 "," 4,000,000.00 "
282,Jesse Chavez,TEX,RP," 4,000,000.00 ",2 (2019-20)," 8,000,000.00 "," 4,000,000.00 "
282,Shane Greene,DET,RP," 4,000,000.00 ",1 (2019)," 4,000,000.00 "," 4,000,000.00 "
282,Martin Perez,MIN,RP," 4,000,000.00 ",1 (2019)," 4,000,000.00 "," 4,000,000.00 "
282,Marco Estrada,OAK,SP," 4,000,000.00 ",1 (2019)," 4,000,000.00 "," 4,000,000.00 "
282,Corey Seager,LAD,SS," 4,000,000.00 ",1 (2019)," 4,000,000.00 "," 4,000,000.00 "
292,Aaron Sanchez,TOR,SP," 3,900,000.00 ",1 (2019)," 3,900,000.00 "," 3,900,000.00 "
293,Joe Panik,SF,2B," 3,850,000.00 ",1 (2019)," 3,850,000.00 "," 3,850,000.00 "
294,Jarrod Dyson,ARI,OF," 3,750,000.00 ",2 (2018-19)," 7,500,000.00 "," 3,750,000.00 "
295,Kike Hernandez,LAD,2B," 3,725,000.00 ",1 (2019)," 3,725,000.00 "," 3,725,000.00 "
295,Trea Turner,WSH,SS," 3,725,000.00 ",1 (2019)," 3,725,000.00 "," 3,725,000.00 "
297,Tyler Skaggs,LAA,SP," 3,700,000.00 ",1 (2019)," 3,700,000.00 "," 3,700,000.00 "
297,Jimmy Nelson,MIL,SP," 3,700,000.00 ",1 (2019)," 3,700,000.00 "," 3,700,000.00 "
299,Nick Ahmed,ARI,SS," 3,662,500.00 ",1 (2019)," 3,662,500.00 "," 3,662,500.00 "
300,Jurickson Profar,OAK,2B," 3,600,000.00 ",1 (2019)," 3,600,000.00 "," 3,600,000.00 "
301,Brock Holt,BOS,2B," 3,575,000.00 ",1 (2019)," 3,575,000.00 "," 3,575,000.00 "
302,Travis d'Arnaud,NYM,C," 3,515,000.00 ",1 (2019)," 3,515,000.00 "," 3,515,000.00 "
303,Chris Taylor,LAD,2B," 3,500,000.00 ",1 (2019)," 3,500,000.00 "," 3,500,000.00 "
303,Asdrubal Cabrera,TEX,3B," 3,500,000.00 ",1 (2019)," 3,500,000.00 "," 3,500,000.00 "
303,Avisail Garcia,TB,RF," 3,500,000.00 ",1 (2019)," 3,500,000.00 "," 3,500,000.00 "
303,Matt Shoemaker,TOR,SP," 3,500,000.00 ",1 (2019)," 3,500,000.00 "," 3,500,000.00 "
307,Andrew Heaney,LAA,SP," 3,400,000.00 ",1 (2019)," 3,400,000.00 "," 3,400,000.00 "
307,Addison Russell,CHC,SS," 3,400,000.00 ",1 (2019)," 3,400,000.00 "," 3,400,000.00 "
309,Kyle Schwarber,CHC,LF," 3,390,000.00 ",1 (2019)," 3,390,000.00 "," 3,390,000.00 "
310,Jonathan Lucroy,LAA,C," 3,350,000.00 ",1 (2019)," 3,350,000.00 "," 3,350,000.00 "
311,Chad Bettis,COL,SP," 3,325,000.00 ",1 (2019)," 3,325,000.00 "," 3,325,000.00 "
312,Nomar Mazara,TEX,RF," 3,300,000.00 ",1 (2019)," 3,300,000.00 "," 3,300,000.00 "
312,Clayton Richard,TOR,SP," 3,300,000.00 ",1 (2019)," 3,300,000.00 "," 3,300,000.00 "
314,Jeff Mathis,TEX,C," 3,250,000.00 ",2 (2019-20)," 6,250,000.00 "," 3,125,000.00 "
314,Michael A. Taylor,WSH,CF," 3,250,000.00 ",1 (2019)," 3,250,000.00 "," 3,250,000.00 "
314,Yoshihisa Hirano,ARI,RP," 3,250,000.00 ",2 (2018-19)," 6,000,000.00 "," 3,000,000.00 "
314,Greg Holland,ARI,RP," 3,250,000.00 ",1 (2019)," 3,250,000.00 "," 3,250,000.00 "
314,Wily Peralta,KC,RP," 3,250,000.00 ",1 (2019)," 3,250,000.00 "," 3,250,000.00 "
319,Jose Urena,MIA,SP," 3,200,000.00 ",1 (2019)," 3,200,000.00 "," 3,200,000.00 "
320,Jeremy Jeffress,MIL,RP," 3,175,000.00 ",1 (2019)," 3,175,000.00 "," 3,175,000.00 "
320,Keone Kela,PIT,RP," 3,175,000.00 ",1 (2019)," 3,175,000.00 "," 3,175,000.00 "
322,Miguel Rojas,MIA,SS," 3,155,000.00 ",1 (2019)," 3,155,000.00 "," 3,155,000.00 "
323,Sean Manaea,OAK,SP," 3,150,000.00 ",1 (2019)," 3,150,000.00 "," 3,150,000.00 "
324,Kenta Maeda,LAD,SP," 3,125,000.00 ",8 (2016-23)," 25,000,000.00 "," 3,125,000.00 "
325,Brad Peacock,HOU,SP," 3,110,000.00 ",1 (2019)," 3,110,000.00 "," 3,110,000.00 "
326,Kirby Yates,SD,RP," 3,062,500.00 ",1 (2019)," 3,062,500.00 "," 3,062,500.00 "
327,Jung-ho Kang,PIT,3B," 3,000,000.00 ",1 (2019)," 3,000,000.00 "," 3,000,000.00 "
327,Leonys Martin,CLE,CF," 3,000,000.00 ",1 (2019)," 3,000,000.00 "," 3,000,000.00 "
327,Adam Jones,ARI,OF," 3,000,000.00 ",1 (2019)," 3,000,000.00 "," 3,000,000.00 "
327,Brad Brach,CHC,RP," 3,000,000.00 ",1 (2019)," 3,000,000.00 "," 3,000,000.00 "
327,Clay Buchholz,TOR,SP," 3,000,000.00 ",1 (2019)," 3,000,000.00 "," 3,000,000.00 "
327,Chris Owings,KC,SS," 3,000,000.00 ",1 (2019)," 3,000,000.00 "," 3,000,000.00 "
333,Tucker Barnhart,CIN,C," 2,937,500.00 ",4 (2018-21)," 16,000,000.00 "," 4,000,000.00 "
334,Christian Vazquez,BOS,C," 2,933,333.00 ",3 (2019-21)," 13,550,000.00 "," 4,516,667.00 "
335,Jon Gray,COL,SP," 2,925,000.00 ",1 (2019)," 2,925,000.00 "," 2,925,000.00 "
336,Ryan Pressly,HOU,RP," 2,900,000.00 ",1 (2019)," 2,900,000.00 "," 2,900,000.00 "
337,Dylan Bundy,BAL,SP," 2,800,000.00 ",1 (2019)," 2,800,000.00 "," 2,800,000.00 "
337,Michael Fulmer,DET,SP," 2,800,000.00 ",1 (2019)," 2,800,000.00 "," 2,800,000.00 "
339,Jose Peraza,CIN,2B," 2,775,000.00 ",1 (2019)," 2,775,000.00 "," 2,775,000.00 "
340,Lonnie Chisenhall,PIT,RF," 2,750,000.00 ",1 (2019)," 2,750,000.00 "," 2,750,000.00 "
340,Shawn Kelley,TEX,RP," 2,750,000.00 ",1 (2019)," 2,750,000.00 "," 2,750,000.00 "
340,Jake Diekman,KC,RP," 2,750,000.00 ",1 (2019)," 2,750,000.00 "," 2,750,000.00 "
340,Wade LeBlanc,SEA,SP," 2,750,000.00 ",1 (2019)," 2,750,000.00 "," 2,750,000.00 "
344,Matt Duffy,TB,3B," 2,675,000.00 ",1 (2019)," 2,675,000.00 "," 2,675,000.00 "
345,Miguel Sano,MIN,3B," 2,650,000.00 ",1 (2019)," 2,650,000.00 "," 2,650,000.00 "
345,Tony Cingrani,LAD,RP," 2,650,000.00 ",1 (2019)," 2,650,000.00 "," 2,650,000.00 "
347,Roberto Perez,CLE,C," 2,625,000.00 ",4 (2017-20)," 9,000,000.00 "," 2,250,000.00 "
347,Steven Matz,NYM,SP," 2,625,000.00 ",1 (2019)," 2,625,000.00 "," 2,625,000.00 "
347,Tyler Anderson,COL,SP," 2,625,000.00 ",1 (2019)," 2,625,000.00 "," 2,625,000.00 "
350,Ketel Marte,ARI,CF," 2,600,000.00 ",5 (2018-22)," 24,000,000.00 "," 4,800,000.00 "
350,Zach Davies,MIL,SP," 2,600,000.00 ",1 (2019)," 2,600,000.00 "," 2,600,000.00 "
350,Matt Boyd,DET,SP," 2,600,000.00 ",1 (2019)," 2,600,000.00 "," 2,600,000.00 "
353,Justin Bour,LAA,1B," 2,500,000.00 ",1 (2019)," 2,500,000.00 "," 2,500,000.00 "
353,Hernan Perez,MIL,2B," 2,500,000.00 ",1 (2019)," 2,500,000.00 "," 2,500,000.00 "
353,Martin Maldonado,KC,C," 2,500,000.00 ",1 (2019)," 2,500,000.00 "," 2,500,000.00 "
353,James McCann,CWS,C," 2,500,000.00 ",1 (2019)," 2,500,000.00 "," 2,500,000.00 "
353,David Phelps,TOR,RP," 2,500,000.00 ",1 (2019)," 2,500,000.00 "," 2,500,000.00 "
353,Matt Albers,MIL,RP," 2,500,000.00 ",2 (2018-19)," 5,000,000.00 "," 2,500,000.00 "
353,Oliver Perez,CLE,RP," 2,500,000.00 ",1 (2019)," 2,500,000.00 "," 2,500,000.00 "
353,Sergio Romo,MIA,RP," 2,500,000.00 ",1 (2019)," 2,500,000.00 "," 2,500,000.00 "
353,Adam Warren,SD,RP," 2,500,000.00 ",1 (2019)," 2,500,000.00 "," 2,500,000.00 "
353,David Hernandez,CIN,RP," 2,500,000.00 ",2 (2018-19)," 5,000,000.00 "," 2,500,000.00 "
353,Seunghwan Oh,COL,RP," 2,500,000.00 ",1 (2019)," 2,500,000.00 "," 2,500,000.00 "
353,Matt Moore,DET,SP," 2,500,000.00 ",1 (2019)," 2,500,000.00 "," 2,500,000.00 "
353,Jose Iglesias,CIN,SS," 2,500,000.00 ",1 (2019)," 2,500,000.00 "," 2,500,000.00 "
366,Mike Montgomery,CHC,RP," 2,440,000.00 ",1 (2019)," 2,440,000.00 "," 2,440,000.00 "
367,Eloy Jimenez,CWS,LF," 2,333,333.00 ",6 (2019-24)," 43,000,000.00 "," 7,166,667.00 "
368,Jonny Venters,ATL,RP," 2,250,000.00 ",1 (2019)," 2,250,000.00 "," 2,250,000.00 "
368,Craig Stammen,SD,RP," 2,250,000.00 ",2 (2018-19)," 4,500,000.00 "," 2,250,000.00 "
368,Chris Martin,TEX,RP," 2,250,000.00 ",2 (2018-19)," 4,000,000.00 "," 2,000,000.00 "
368,Jared Hughes,CIN,RP," 2,250,000.00 ",2 (2018-19)," 4,500,000.00 "," 2,250,000.00 "
368,Merrill Kelly,ARI,SP," 2,250,000.00 ",2 (2019-20)," 5,500,000.00 "," 2,750,000.00 "
373,Vince Velasquez,PHI,SP," 2,249,000.00 ",1 (2019)," 2,249,000.00 "," 2,249,000.00 "
374,Junior Guerra,MIL,SP," 2,225,000.00 ",1 (2019)," 2,225,000.00 "," 2,225,000.00 "
375,Jake Marisnick,HOU,OF," 2,212,500.00 ",1 (2019)," 2,212,500.00 "," 2,212,500.00 "
376,Brad Boxberger,KC,RP," 2,200,000.00 ",1 (2019)," 2,200,000.00 "," 2,200,000.00 "
377,Liam Hendriks,OAK,RP," 2,150,000.00 ",1 (2019)," 2,150,000.00 "," 2,150,000.00 "
377,Mychal Givens,BAL,RP," 2,150,000.00 ",1 (2019)," 2,150,000.00 "," 2,150,000.00 "
379,Anthony DeSclafani,CIN,SP," 2,125,000.00 ",1 (2019)," 2,125,000.00 "," 2,125,000.00 "
380,Pedro Baez,LAD,RP," 2,100,000.00 ",1 (2019)," 2,100,000.00 "," 2,100,000.00 "
381,Austin Hedges,SD,C," 2,060,000.00 ",1 (2019)," 2,060,000.00 "," 2,060,000.00 "
382,Mark Canha,OAK,OF," 2,050,000.00 ",1 (2019)," 2,050,000.00 "," 2,050,000.00 "
382,Jordan Lyles,PIT,SP," 2,050,000.00 ",1 (2019)," 2,050,000.00 "," 2,050,000.00 "
384,Neil Walker,MIA,1B," 2,000,000.00 ",1 (2019)," 2,000,000.00 "," 2,000,000.00 "
384,Daniel Descalso,CHC,2B," 2,000,000.00 ",2 (2019-20)," 5,000,000.00 "," 2,500,000.00 "
384,Logan Forsythe,TEX,2B," 2,000,000.00 ",1 (2019)," 2,000,000.00 "," 2,000,000.00 "
384,Josh Harrison,DET,2B," 2,000,000.00 ",1 (2019)," 2,000,000.00 "," 2,000,000.00 "
384,Brian McCann,ATL,C," 2,000,000.00 ",1 (2019)," 2,000,000.00 "," 2,000,000.00 "
384,Robbie Grossman,OAK,LF," 2,000,000.00 ",1 (2019)," 2,000,000.00 "," 2,000,000.00 "
384,Hunter Pence,TEX,LF," 2,000,000.00 ",1 (2019)," 2,000,000.00 "," 2,000,000.00 "
384,Derek Dietrich,CIN,LF," 2,000,000.00 ",1 (2019)," 2,000,000.00 "," 2,000,000.00 "
384,Zach Duke,CIN,RP," 2,000,000.00 ",1 (2019)," 2,000,000.00 "," 2,000,000.00 "
384,Adam Wainwright,STL,SP," 2,000,000.00 ",1 (2019)," 2,000,000.00 "," 2,000,000.00 "
384,Shelby Miller,TEX,SP," 2,000,000.00 ",1 (2019)," 2,000,000.00 "," 2,000,000.00 "
384,Edinson Volquez,TEX,SP," 2,000,000.00 ",1 (2019)," 2,000,000.00 "," 2,000,000.00 "
384,Aledmys Diaz,HOU,SS," 2,000,000.00 ",1 (2019)," 2,000,000.00 "," 2,000,000.00 "
384,Paul DeJong,STL,SS," 2,000,000.00 ",6 (2018-23)," 26,000,000.00 "," 4,333,333.00 "
398,Domingo Santana,SEA,LF," 1,950,000.00 ",1 (2019)," 1,950,000.00 "," 1,950,000.00 "
398,Michael Lorenzen,CIN,RP," 1,950,000.00 ",1 (2019)," 1,950,000.00 "," 1,950,000.00 "
400,Andrew Chafin,ARI,RP," 1,945,000.00 ",1 (2019)," 1,945,000.00 "," 1,945,000.00 "
401,Lourdes Gurriel Jr.,TOR,2B," 1,928,571.00 ",7 (2017-23)," 22,000,000.00 "," 3,142,857.00 "
402,Devon Travis,TOR,2B," 1,925,000.00 ",1 (2019)," 1,925,000.00 "," 1,925,000.00 "
402,Jose Alvarez,PHI,RP," 1,925,000.00 ",1 (2019)," 1,925,000.00 "," 1,925,000.00 "
404,JC Ramirez,LAA,SP," 1,901,000.00 ",1 (2019)," 1,901,000.00 "," 1,901,000.00 "
405,Archie Bradley,ARI,RP," 1,830,000.00 ",1 (2019)," 1,830,000.00 "," 1,830,000.00 "
406,Austin Romine,NYY,C," 1,800,000.00 ",1 (2019)," 1,800,000.00 "," 1,800,000.00 "
406,Hector Neris,PHI,RP," 1,800,000.00 ",1 (2019)," 1,800,000.00 "," 1,800,000.00 "
406,Francisco Liriano,PIT,RP," 1,800,000.00 ",1 (2019)," 1,800,000.00 "," 1,800,000.00 "
406,Blake Parker,MIN,RP," 1,800,000.00 ",1 (2019)," 1,800,000.00 "," 1,800,000.00 "
410,Yangervis Solarte,SF,3B," 1,750,000.00 ",1 (2019)," 1,750,000.00 "," 1,750,000.00 "
410,Manny Pina,MIL,C," 1,750,000.00 ",1 (2019)," 1,750,000.00 "," 1,750,000.00 "
410,Byron Buxton,MIN,CF," 1,750,000.00 ",1 (2019)," 1,750,000.00 "," 1,750,000.00 "
410,Curtis Granderson,MIA,LF," 1,750,000.00 ",1 (2019)," 1,750,000.00 "," 1,750,000.00 "
410,Gerardo Parra,SF,RF," 1,750,000.00 ",1 (2019)," 1,750,000.00 "," 1,750,000.00 "
410,Cam Bedrosian,LAA,RP," 1,750,000.00 ",1 (2019)," 1,750,000.00 "," 1,750,000.00 "
410,Tyler Thornburg,BOS,RP," 1,750,000.00 ",1 (2019)," 1,750,000.00 "," 1,750,000.00 "
410,Tim Beckham,SEA,SS," 1,750,000.00 ",1 (2019)," 1,750,000.00 "," 1,750,000.00 "
418,Kyle Barraclough,WSH,RP," 1,725,000.00 ",1 (2019)," 1,725,000.00 "," 1,725,000.00 "
419,Jose Leclerc,TEX,RP," 1,687,500.00 ",4 (2019-22)," 14,750,000.00 "," 3,687,500.00 "
419,Chris Rusin,COL,RP," 1,687,500.00 ",1 (2019)," 1,687,500.00 "," 1,687,500.00 "
421,Luis Garcia,LAA,RP," 1,675,000.00 ",1 (2019)," 1,675,000.00 "," 1,675,000.00 "
422,Scott Kingery,PHI,2B," 1,666,666.00 ",6 (2018-23)," 24,000,000.00 "," 4,000,000.00 "
423,Luis Avilan,NYM,RP," 1,600,000.00 ",1 (2019)," 1,600,000.00 "," 1,600,000.00 "
423,Matt Barnes,BOS,RP," 1,600,000.00 ",1 (2019)," 1,600,000.00 "," 1,600,000.00 "
423,Blake Snell,TB,SP," 1,600,000.00 ",5 (2019-23)," 50,000,000.00 "," 10,000,000.00 "
426,Leury Garcia,CWS,OF," 1,550,000.00 ",1 (2019)," 1,550,000.00 "," 1,550,000.00 "
427,Chris Devenski,HOU,RP," 1,525,000.00 ",1 (2019)," 1,525,000.00 "," 1,525,000.00 "
427,Ryan Tepera,TOR,RP," 1,525,000.00 ",1 (2019)," 1,525,000.00 "," 1,525,000.00 "
427,Taylor Rogers,MIN,RP," 1,525,000.00 ",1 (2019)," 1,525,000.00 "," 1,525,000.00 "
430,Matt Wieters,STL,C," 1,500,000.00 ",1 (2019)," 1,500,000.00 "," 1,500,000.00 "
430,Daniel Hudson,TOR,RP," 1,500,000.00 ",1 (2019)," 1,500,000.00 "," 1,500,000.00 "
430,Carl Edwards Jr.,CHC,RP," 1,500,000.00 ",1 (2019)," 1,500,000.00 "," 1,500,000.00 "
430,Cory Gearrin,SEA,RP," 1,500,000.00 ",1 (2019)," 1,500,000.00 "," 1,500,000.00 "
430,Brett Anderson,OAK,SP," 1,500,000.00 ",1 (2019)," 1,500,000.00 "," 1,500,000.00 "
430,Drew Pomeranz,SF,SP," 1,500,000.00 ",1 (2019)," 1,500,000.00 "," 1,500,000.00 "
436,T.J. McFarland,ARI,RP," 1,450,000.00 ",1 (2019)," 1,450,000.00 "," 1,450,000.00 "
436,Robbie Erlin,SD,SP," 1,450,000.00 ",1 (2019)," 1,450,000.00 "," 1,450,000.00 "
438,Delino DeShields,TEX,CF," 1,400,000.00 ",1 (2019)," 1,400,000.00 "," 1,400,000.00 "
438,Hansel Robles,LAA,RP," 1,400,000.00 ",1 (2019)," 1,400,000.00 "," 1,400,000.00 "
438,Ryan Buchter,OAK,RP," 1,400,000.00 ",1 (2019)," 1,400,000.00 "," 1,400,000.00 "
438,Aaron Loup,SD,RP," 1,400,000.00 ",1 (2019)," 1,400,000.00 "," 1,400,000.00 "
438,Tim Anderson,CWS,SS," 1,400,000.00 ",6 (2017-22)," 25,000,000.00 "," 4,166,667.00 "
443,Charlie Culberson,ATL,SS," 1,395,000.00 ",1 (2019)," 1,395,000.00 "," 1,395,000.00 "
444,Tommy Kahnle,NYY,RP," 1,387,500.00 ",1 (2019)," 1,387,500.00 "," 1,387,500.00 "
445,Steven Wright,BOS,SP," 1,375,000.00 ",1 (2019)," 1,375,000.00 "," 1,375,000.00 "
446,Tommy La Stella,LAA,2B," 1,350,000.00 ",1 (2019)," 1,350,000.00 "," 1,350,000.00 "
446,Aaron Altherr,PHI,RF," 1,350,000.00 ",1 (2019)," 1,350,000.00 "," 1,350,000.00 "
446,Dan Otero,CLE,RP," 1,350,000.00 ",2 (2018-19)," 2,500,000.00 "," 1,250,000.00 "
449,Heath Hembree,BOS,RP," 1,312,500.00 ",1 (2019)," 1,312,500.00 "," 1,312,500.00 "
450,Brandon Drury,TOR,3B," 1,300,000.00 ",1 (2019)," 1,300,000.00 "," 1,300,000.00 "
450,Hunter Strickland,SEA,RP," 1,300,000.00 ",1 (2019)," 1,300,000.00 "," 1,300,000.00 "
450,Jeremy Hellickson,WSH,RP," 1,300,000.00 ",1 (2019)," 1,300,000.00 "," 1,300,000.00 "
450,Scott Oberg,COL,RP," 1,300,000.00 ",1 (2019)," 1,300,000.00 "," 1,300,000.00 "
450,Blaine Hardy,DET,RP," 1,300,000.00 ",1 (2019)," 1,300,000.00 "," 1,300,000.00 "
450,Ehire Adrianza,MIN,SS," 1,300,000.00 ",1 (2019)," 1,300,000.00 "," 1,300,000.00 "
456,Alex Claudio,MIL,RP," 1,275,000.00 ",1 (2019)," 1,275,000.00 "," 1,275,000.00 "
456,Chaz Roe,TB,RP," 1,275,000.00 ",1 (2019)," 1,275,000.00 "," 1,275,000.00 "
456,Daniel Norris,DET,SP," 1,275,000.00 ",1 (2019)," 1,275,000.00 "," 1,275,000.00 "
459,Dominic Leone,STL,RP," 1,260,000.00 ",1 (2019)," 1,260,000.00 "," 1,260,000.00 "
460,Lucas Duda,KC,1B," 1,250,000.00 ",1 (2019)," 1,250,000.00 "," 1,250,000.00 "
460,Nick Hundley,OAK,C," 1,250,000.00 ",1 (2019)," 1,250,000.00 "," 1,250,000.00 "
460,Matt Joyce,ATL,OF," 1,250,000.00 ",1 (2019)," 1,250,000.00 "," 1,250,000.00 "
460,Josh Tomlin,ATL,RP," 1,250,000.00 ",1 (2019)," 1,250,000.00 "," 1,250,000.00 "
460,Tony Sipp,WSH,RP," 1,250,000.00 ",1 (2019)," 1,250,000.00 "," 1,250,000.00 "
465,Greg Bird,NYY,1B," 1,200,000.00 ",1 (2019)," 1,200,000.00 "," 1,200,000.00 "
465,Erik Kratz,SF,C," 1,200,000.00 ",1 (2019)," 1,200,000.00 "," 1,200,000.00 "
467,Whit Merrifield,KC,2B," 1,187,500.00 ",4 (2019-22)," 16,250,000.00 "," 4,062,500.00 "
468,Brandon Lowe,TB,2B," 1,166,666.00 ",6 (2019-24)," 24,000,000.00 "," 4,000,000.00 "
469,Travis Jankowski,SD,OF," 1,165,000.00 ",1 (2019)," 1,165,000.00 "," 1,165,000.00 "
470,Melky Cabrera,PIT,LF," 1,150,000.00 ",1 (2019)," 1,150,000.00 "," 1,150,000.00 "
470,Brandon Workman,BOS,RP," 1,150,000.00 ",1 (2019)," 1,150,000.00 "," 1,150,000.00 "
472,Kevin Plawecki,CLE,C," 1,137,500.00 ",1 (2019)," 1,137,500.00 "," 1,137,500.00 "
473,Jose Martinez,STL,LF," 1,125,000.00 ",2 (2019-20)," 3,250,000.00 "," 1,625,000.00 "
473,Adam Conley,MIA,RP," 1,125,000.00 ",1 (2019)," 1,125,000.00 "," 1,125,000.00 "
475,Adam Morgan,PHI,RP," 1,100,000.00 ",1 (2019)," 1,100,000.00 "," 1,100,000.00 "
476,Josh Phegley,OAK,C," 1,075,000.00 ",1 (2019)," 1,075,000.00 "," 1,075,000.00 "
476,Nick Tropeano,LAA,SP," 1,075,000.00 ",1 (2019)," 1,075,000.00 "," 1,075,000.00 "
478,Mark Reynolds,COL,1B," 1,000,000.00 ",1 (2019)," 100,000.00 "," 100,000.00 "
478,Brad Miller,CLE,2B," 1,000,000.00 ",1 (2019)," 1,000,000.00 "," 1,000,000.00 "
478,Chris Herrmann,OAK,C," 1,000,000.00 ",1 (2019)," 1,000,000.00 "," 1,000,000.00 "
478,Hanley Ramirez,CLE,DH," 1,000,000.00 ",1 (2019)," 1,000,000.00 "," 1,000,000.00 "
478,Peter Bourjos,LAA,OF," 1,000,000.00 ",1 (2019)," 1,000,000.00 "," 1,000,000.00 "
478,Neil Ramirez,CLE,RP," 1,000,000.00 ",1 (2019)," 1,000,000.00 "," 1,000,000.00 "
478,Jeanmar Gomez,TEX,RP," 1,000,000.00 ",1 (2019)," 1,000,000.00 "," 1,000,000.00 "
485,Tony Wolters,COL,C," 960,000.00 ",1 (2019)," 960,000.00 "," 960,000.00 "
486,Curt Casali,CIN,C," 950,000.00 ",1 (2019)," 950,000.00 "," 950,000.00 "
487,Matt Andriese,ARI,RP," 920,000.00 ",1 (2019)," 920,000.00 "," 920,000.00 "
488,Greg Garcia,SD,2B," 910,000.00 ",1 (2019)," 910,000.00 "," 910,000.00 "
488,Blake Swihart,BOS,C," 910,000.00 ",1 (2019)," 910,000.00 "," 910,000.00 "
488,Roenis Elias,SEA,RP," 910,000.00 ",1 (2019)," 910,000.00 "," 910,000.00 "
491,John Ryan Murphy,ARI,C," 900,000.00 ",1 (2019)," 900,000.00 "," 900,000.00 "
491,Joe Biagini,TOR,RP," 900,000.00 ",1 (2019)," 900,000.00 "," 900,000.00 "
491,Xavier Cedeno,CHC,RP," 900,000.00 ",1 (2019)," 900,000.00 "," 900,000.00 "
491,Trevor May,MIN,RP," 900,000.00 ",1 (2019)," 900,000.00 "," 900,000.00 "
491,Marco Gonzales,SEA,SP," 900,000.00 ",2 (2019-20)," 1,900,000.00 "," 950,000.00 "
496,Ji-Man Choi,TB,1B," 850,000.00 ",1 (2019)," 850,000.00 "," 850,000.00 "
496,Jesus Sucre,BAL,C," 850,000.00 ",1 (2019)," 850,000.00 "," 850,000.00 "
498,Nate Karns,BAL,RP," 800,000.00 ",1 (2019)," 800,000.00 "," 800,000.00 "
498,Brian Flynn,KC,RP," 800,000.00 ",1 (2019)," 800,000.00 "," 800,000.00 "
498,Jesse Hahn,KC,SP," 800,000.00 ",1 (2019)," 800,000.00 "," 800,000.00 "
501,Guillermo Heredia,TB,OF," 782,000.00 ",1 (2019)," 782,000.00 "," 782,000.00 "
502,Alex Wilson,MIL,RP," 750,000.00 ",1 (2019)," 750,000.00 "," 750,000.00 "
502,Tony Barnette,CHC,RP," 750,000.00 ",1 (2019)," 750,000.00 "," 750,000.00 "
504,Andrew Benintendi,BOS,LF," 717,500.00 ",1 (2019)," 717,500.00 "," 717,500.00 "
505,Yimi Garcia,LAD,RP," 710,000.00 ",1 (2019)," 710,000.00 "," 710,000.00 "
506,Gordon Beckham,DET,2B," 700,000.00 ",1 (2019)," 700,000.00 "," 700,000.00 "
506,J.B. Shuck,PIT,OF," 700,000.00 ",1 (2019)," 700,000.00 "," 700,000.00 "
508,Josh Hader,MIL,RP," 687,600.00 ",1 (2019)," 687,600.00 "," 687,600.00 "
509,Aaron Judge,NYY,RF," 684,300.00 ",1 (2019)," 684,300.00 "," 684,300.00 "
510,Willson Contreras,CHC,C," 684,000.00 ",1 (2019)," 684,000.00 "," 684,000.00 "
511,Niko Goodrum,DET,2B," 670,500.00 ",1 (2019)," 670,500.00 "," 670,500.00 "
512,Gary Sanchez,NYY,C," 669,800.00 ",1 (2019)," 669,800.00 "," 669,800.00 "
513,Terrance Gore,KC,OF," 650,000.00 ",1 (2019)," 650,000.00 "," 650,000.00 "
513,Richard Rodriguez,PIT,RP," 650,000.00 ",1 (2019)," 650,000.00 "," 650,000.00 "
513,Shohei Ohtani,LAA,SP," 650,000.00 ",1 (2019)," 650,000.00 "," 650,000.00 "
513,Scott Barlow,KC,SP," 650,000.00 ",1 (2019)," 650,000.00 "," 650,000.00 "
517,Alex Bregman,HOU,3B," 640,500.00 ",1 (2019)," 640,500.00 "," 640,500.00 "
518,Jesus Aguilar,MIL,1B," 637,500.00 ",1 (2019)," 637,500.00 "," 637,500.00 "
519,Scott Schebler,CIN,CF," 625,000.00 ",1 (2019)," 625,000.00 "," 625,000.00 "
520,Jose Berrios,MIN,SP," 620,000.00 ",1 (2019)," 620,000.00 "," 620,000.00 "
521,Miguel Andujar,NYY,3B," 617,600.00 ",1 (2019)," 617,600.00 "," 617,600.00 "
522,Albert Almora Jr.,CHC,OF," 615,500.00 ",1 (2019)," 615,500.00 "," 615,500.00 "
523,Rafael Devers,BOS,3B," 614,500.00 ",1 (2019)," 614,500.00 "," 614,500.00 "
524,Zac Rosscup,SEA,RP," 610,000.00 ",1 (2019)," 610,000.00 "," 610,000.00 "
525,Zack Godley,ARI,SP," 609,400.00 ",1 (2019)," 609,400.00 "," 609,400.00 "
526,Edwin Diaz,NYM,RP," 607,425.00 ",1 (2019)," 607,425.00 "," 607,425.00 "
527,Joey Gallo,TEX,LF," 605,500.00 ",1 (2019)," 605,500.00 "," 605,500.00 "
528,Gleyber Torres,NYY,2B," 605,200.00 ",1 (2019)," 605,200.00 "," 605,200.00 "
529,Cody Bellinger,LAD,RF," 605,000.00 ",1 (2019)," 605,000.00 "," 605,000.00 "
530,Chad Green,NYY,RP," 598,650.00 ",1 (2019)," 598,650.00 "," 598,650.00 "
531,Brandon Nimmo,NYM,LF," 598,285.00 ",1 (2019)," 598,285.00 "," 598,285.00 "
532,Nick Pivetta,PHI,SP," 598,000.00 ",1 (2019)," 598,000.00 "," 598,000.00 "
533,Jordan Montgomery,NYY,SP," 596,600.00 ",1 (2019)," 596,600.00 "," 596,600.00 "
534,Ross Stripling,LAD,SP," 595,000.00 ",1 (2019)," 595,000.00 "," 595,000.00 "
535,Justin Miller,WSH,RP," 593,200.00 ",1 (2019)," 593,200.00 "," 593,200.00 "
536,Mike Clevinger,CLE,SP," 592,200.00 ",1 (2019)," 592,200.00 "," 592,200.00 "
537,Seth Lugo,NYM,RP," 591,875.00 ",1 (2019)," 591,875.00 "," 591,875.00 "
538,Max Stassi,HOU,C," 590,100.00 ",1 (2019)," 590,100.00 "," 590,100.00 "
538,Mitch Haniger,SEA,LF," 590,100.00 ",1 (2019)," 590,100.00 "," 590,100.00 "
540,Zach Eflin,PHI,SP," 590,000.00 ",1 (2019)," 590,000.00 "," 590,000.00 "
541,Jameson Taillon,PIT,SP," 587,500.00 ",1 (2019)," 587,500.00 "," 587,500.00 "
542,Josh Bell,PIT,1B," 587,000.00 ",1 (2019)," 587,000.00 "," 587,000.00 "
543,Brian Anderson,MIA,3B," 585,000.00 ",1 (2019)," 585,000.00 "," 585,000.00 "
543,Luke Jackson,ATL,RP," 585,000.00 ",1 (2019)," 585,000.00 "," 585,000.00 "
543,Dansby Swanson,ATL,SS," 585,000.00 ",1 (2019)," 585,000.00 "," 585,000.00 "
546,Adam Frazier,PIT,2B," 584,000.00 ",1 (2019)," 584,000.00 "," 584,000.00 "
546,Trevor Williams,PIT,SP," 584,000.00 ",1 (2019)," 584,000.00 "," 584,000.00 "
548,Tony Kemp,HOU,LF," 583,600.00 ",1 (2019)," 583,600.00 "," 583,600.00 "
549,Brian Goodwin,LAA,LF," 583,500.00 ",1 (2019)," 583,500.00 "," 583,500.00 "
550,Tyler White,HOU,1B," 582,900.00 ",1 (2019)," 582,900.00 "," 582,900.00 "
551,Robert Gsellman,NYM,RP," 582,500.00 ",1 (2019)," 582,500.00 "," 582,500.00 "
551,Joe Musgrove,PIT,SP," 582,500.00 ",1 (2019)," 582,500.00 "," 582,500.00 "
553,Hunter Renfroe,SD,RF," 582,100.00 ",1 (2019)," 582,100.00 "," 582,100.00 "
554,Matt Strahm,SD,SP," 581,700.00 ",1 (2019)," 581,700.00 "," 581,700.00 "
555,Kyle Crick,PIT,RP," 581,500.00 ",1 (2019)," 581,500.00 "," 581,500.00 "
555,Edgar Santana,PIT,RP," 581,500.00 ",1 (2019)," 581,500.00 "," 581,500.00 "
557,Luke Weaver,ARI,SP," 581,300.00 ",1 (2019)," 581,300.00 "," 581,300.00 "
558,Omar Narvaez,SEA,C," 581,200.00 ",1 (2019)," 581,200.00 "," 581,200.00 "
559,Wilmer Difo,WSH,2B," 581,100.00 ",1 (2019)," 581,100.00 "," 581,100.00 "
560,Jonathan Holder,NYY,RP," 580,300.00 ",1 (2019)," 580,300.00 "," 580,300.00 "
561,Matt Chapman,OAK,3B," 580,000.00 ",1 (2019)," 580,000.00 "," 580,000.00 "
561,Jesse Winker,CIN,LF," 580,000.00 ",1 (2019)," 580,000.00 "," 580,000.00 "
561,Reynaldo Lopez,CWS,SP," 580,000.00 ",1 (2019)," 580,000.00 "," 580,000.00 "
564,Ryon Healy,SEA,3B," 579,800.00 ",1 (2019)," 579,800.00 "," 579,800.00 "
565,Colin Moran,PIT,3B," 579,500.00 ",1 (2019)," 579,500.00 "," 579,500.00 "
565,Sam Gaviglio,TOR,RP," 579,500.00 ",1 (2019)," 579,500.00 "," 579,500.00 "
567,Luke Maile,TOR,C," 579,000.00 ",1 (2019)," 579,000.00 "," 579,000.00 "
568,Luis Cessa,NYY,SP," 578,975.00 ",1 (2019)," 578,975.00 "," 578,975.00 "
569,Teoscar Hernandez,TOR,LF," 578,600.00 ",1 (2019)," 578,600.00 "," 578,600.00 "
570,Elias Diaz,PIT,C," 578,500.00 ",1 (2019)," 578,500.00 "," 578,500.00 "
571,Mallex Smith,SEA,CF," 578,400.00 ",1 (2019)," 578,400.00 "," 578,400.00 "
572,Harrison Bader,STL,CF," 578,300.00 ",1 (2019)," 578,300.00 "," 578,300.00 "
572,Juan Soto,WSH,LF," 578,300.00 ",1 (2019)," 578,300.00 "," 578,300.00 "
574,Kevin McCarthy,KC,RP," 578,250.00 ",1 (2019)," 578,250.00 "," 578,250.00 "
574,Jakob Junis,KC,SP," 578,250.00 ",1 (2019)," 578,250.00 "," 578,250.00 "
576,Brad Keller,KC,SP," 578,175.00 ",1 (2019)," 578,175.00 "," 578,175.00 "
577,Hanser Alberto,BAL,3B," 578,000.00 ",1 (2019)," 578,000.00 "," 578,000.00 "
577,Chad Kuhl,PIT,SP," 578,000.00 ",1 (2019)," 578,000.00 "," 578,000.00 "
579,Ryan Brasier,BOS,RP," 577,500.00 ",1 (2019)," 577,500.00 "," 577,500.00 "
579,Domingo German,NYY,RP," 577,500.00 ",1 (2019)," 577,500.00 "," 577,500.00 "
581,Manuel Margot,SD,CF," 577,100.00 ",1 (2019)," 577,100.00 "," 577,100.00 "
582,Erik Gonzalez,PIT,SS," 577,000.00 ",1 (2019)," 577,000.00 "," 577,000.00 "
583,Matt Grace,WSH,RP," 576,400.00 ",1 (2019)," 576,400.00 "," 576,400.00 "
584,Adalberto Mondesi,KC,SS," 576,000.00 ",1 (2019)," 576,000.00 "," 576,000.00 "
585,Trey Mancini,BAL,LF," 575,500.00 ",1 (2019)," 575,500.00 "," 575,500.00 "
585,Amed Rosario,NYM,SS," 575,500.00 ",1 (2019)," 575,500.00 "," 575,500.00 "
587,Matt Olson,OAK,1B," 575,000.00 ",1 (2019)," 575,000.00 "," 575,000.00 "
587,Max Muncy,LAD,1B," 575,000.00 ",1 (2019)," 575,000.00 "," 575,000.00 "
587,Rhys Hoskins,PHI,1B," 575,000.00 ",1 (2019)," 575,000.00 "," 575,000.00 "
587,Ozzie Albies,ATL,2B," 575,000.00 ",1 (2019)," 575,000.00 "," 575,000.00 "
587,Johan Camargo,ATL,3B," 575,000.00 ",0 (2019)," 575,000.00 ", $NaN 
587,Yoan Moncada,CWS,3B," 575,000.00 ",1 (2019)," 575,000.00 "," 575,000.00 "
587,Austin Barnes,LAD,C," 575,000.00 ",1 (2019)," 575,000.00 "," 575,000.00 "
587,Mitch Garver,MIN,C," 575,000.00 ",1 (2019)," 575,000.00 "," 575,000.00 "
587,Nick Williams,PHI,RF," 575,000.00 ",1 (2019)," 575,000.00 "," 575,000.00 "
587,Luke Bard,LAA,RP," 575,000.00 ",1 (2019)," 575,000.00 "," 575,000.00 "
587,Jesse Biddle,ATL,RP," 575,000.00 ",1 (2019)," 575,000.00 "," 575,000.00 "
587,Shane Carle,ATL,RP," 575,000.00 ",1 (2019)," 575,000.00 "," 575,000.00 "
587,A.J. Minter,ATL,RP," 575,000.00 ",1 (2019)," 575,000.00 "," 575,000.00 "
587,Scott Alexander,LAD,RP," 575,000.00 ",1 (2019)," 575,000.00 "," 575,000.00 "
587,Brandon Brennan,SEA,RP," 575,000.00 ",1 (2019)," 575,000.00 "," 575,000.00 "
587,Drew Steckenrider,MIA,RP," 575,000.00 ",1 (2019)," 575,000.00 "," 575,000.00 "
587,Brian Johnson,BOS,RP," 575,000.00 ",1 (2019)," 575,000.00 "," 575,000.00 "
587,Sean Newcomb,ATL,SP," 575,000.00 ",1 (2019)," 575,000.00 "," 575,000.00 "
587,Kendall Graveman,CHC,SP," 575,000.00 ",1 (2019)," 575,000.00 "," 575,000.00 "
606,Tyler Naquin,CLE,RF," 574,800.00 ",1 (2019)," 574,800.00 "," 574,800.00 "
607,Silvino Bracho,ARI,RP," 574,600.00 ",1 (2019)," 574,600.00 "," 574,600.00 "
608,Mikie Mahtook,DET,CF," 574,500.00 ",1 (2019)," 574,500.00 "," 574,500.00 "
608,Steven Brault,PIT,RP," 574,500.00 ",1 (2019)," 574,500.00 "," 574,500.00 "
610,Jose Osuna,PIT,1B," 573,500.00 ",1 (2019)," 573,500.00 "," 573,500.00 "
610,Edubray Ramos,PHI,RP," 573,500.00 ",1 (2019)," 573,500.00 "," 573,500.00 "
612,Luke Voit,NYY,1B," 573,200.00 ",1 (2019)," 573,200.00 "," 573,200.00 "
613,Tim Hill,KC,RP," 573,175.00 ",1 (2019)," 573,175.00 "," 573,175.00 "
614,Lucas Giolito,CWS,SP," 573,000.00 ",1 (2019)," 573,000.00 "," 573,000.00 "
615,Kevan Smith,LAA,C," 572,500.00 ",1 (2019)," 572,500.00 "," 572,500.00 "
615,Jake Cave,MIN,OF," 572,500.00 ",1 (2019)," 572,500.00 "," 572,500.00 "
615,Richard Bleier,BAL,RP," 572,500.00 ",1 (2019)," 572,500.00 "," 572,500.00 "
615,Trevor Hildenberger,MIN,RP," 572,500.00 ",1 (2019)," 572,500.00 "," 572,500.00 "
619,Keon Broxton,NYM,CF," 571,765.00 ",1 (2019)," 571,765.00 "," 571,765.00 "
620,John Gant,STL,SP," 571,300.00 ",1 (2019)," 571,300.00 "," 571,300.00 "
621,Adam Engel,CWS,CF," 571,000.00 ",1 (2019)," 571,000.00 "," 571,000.00 "
621,Dylan Covey,CWS,RP," 571,000.00 ",1 (2019)," 571,000.00 "," 571,000.00 "
623,Buck Farmer,DET,RP," 570,800.00 ",1 (2019)," 570,800.00 "," 570,800.00 "
624,Jose Alvarado,TB,RP," 570,600.00 ",1 (2019)," 570,600.00 "," 570,600.00 "
625,Max Moroff,CLE,2B," 570,500.00 ",1 (2019)," 570,500.00 "," 570,500.00 "
625,Franmil Reyes,SD,RF," 570,500.00 ",1 (2019)," 570,500.00 "," 570,500.00 "
627,Joey Wendle,TB,3B," 570,400.00 ",1 (2019)," 570,400.00 "," 570,400.00 "
628,Daniel R. Robertson,TB,2B," 570,300.00 ",1 (2019)," 570,300.00 "," 570,300.00 "
629,Jorge Alfaro,MIA,C," 570,000.00 ",1 (2019)," 570,000.00 "," 570,000.00 "
629,Lewis Brinson,MIA,CF," 570,000.00 ",1 (2019)," 570,000.00 "," 570,000.00 "
629,Joey Rickard,BAL,RF," 570,000.00 ",1 (2019)," 570,000.00 "," 570,000.00 "
629,Wandy Peralta,CIN,RP," 570,000.00 ",1 (2019)," 570,000.00 "," 570,000.00 "
629,Walker Buehler,LAD,SP," 570,000.00 ",1 (2019)," 570,000.00 "," 570,000.00 "
629,Trevor Richards,MIA,SP," 570,000.00 ",1 (2019)," 570,000.00 "," 570,000.00 "
629,Tyler Mahle,CIN,SP," 570,000.00 ",1 (2019)," 570,000.00 "," 570,000.00 "
636,Ronald Guzman,TEX,1B," 569,500.00 ",1 (2019)," 569,500.00 "," 569,500.00 "
636,Victor Caratini,CHC,C," 569,500.00 ",1 (2019)," 569,500.00 "," 569,500.00 "
636,Isiah Kiner-Falefa,TEX,C," 569,500.00 ",1 (2019)," 569,500.00 "," 569,500.00 "
639,John Brebbia,STL,RP," 569,300.00 ",1 (2019)," 569,300.00 "," 569,300.00 "
640,Joe Jimenez,DET,RP," 569,200.00 ",1 (2019)," 569,200.00 "," 569,200.00 "
641,Noe Ramirez,LAA,RP," 569,000.00 ",1 (2019)," 569,000.00 "," 569,000.00 "
641,Miguel Castro,BAL,RP," 569,000.00 ",1 (2019)," 569,000.00 "," 569,000.00 "
641,Nick Kingham,PIT,RP," 569,000.00 ",1 (2019)," 569,000.00 "," 569,000.00 "
641,Dovydas Neverauskas,PIT,RP," 569,000.00 ",1 (2019)," 569,000.00 "," 569,000.00 "
641,Jace Fry,CWS,RP," 569,000.00 ",1 (2019)," 569,000.00 "," 569,000.00 "
641,Felix Pena,LAA,SP," 569,000.00 ",1 (2019)," 569,000.00 "," 569,000.00 "
647,Tyler Austin,MIN,1B," 568,600.00 ",1 (2019)," 568,600.00 "," 568,600.00 "
647,Sam Tuivailala,SEA,RP," 568,600.00 ",1 (2019)," 568,600.00 "," 568,600.00 "
649,Hector Velazquez,BOS,RP," 568,500.00 ",1 (2019)," 568,500.00 "," 568,500.00 "
650,Tim Mayza,TOR,RP," 568,300.00 ",1 (2019)," 568,300.00 "," 568,300.00 "
650,Brent Suter,MIL,SP," 568,300.00 ",1 (2019)," 568,300.00 "," 568,300.00 "
652,Eric Skoglund,KC,SP," 568,175.00 ",1 (2019)," 568,175.00 "," 568,175.00 "
653,Jeff McNeil,NYM,3B," 567,714.00 ",1 (2019)," 567,714.00 "," 567,714.00 "
654,Ben Gamel,MIL,OF," 567,700.00 ",1 (2019)," 567,700.00 "," 567,700.00 "
655,Jacob Barnes,MIL,RP," 567,600.00 ",1 (2019)," 567,600.00 "," 567,600.00 "
655,Matt Koch,ARI,RP," 567,600.00 ",1 (2019)," 567,600.00 "," 567,600.00 "
657,Reyes Moronta,SF,RP," 567,500.00 ",1 (2019)," 567,500.00 "," 567,500.00 "
657,Trevor Gott,SF,RP," 567,500.00 ",1 (2019)," 567,500.00 "," 567,500.00 "
657,Amir Garrett,CIN,RP," 567,500.00 ",1 (2019)," 567,500.00 "," 567,500.00 "
657,Chris Stratton,LAA,SP," 567,500.00 ",1 (2019)," 567,500.00 "," 567,500.00 "
657,Mike Wright,BAL,SP," 567,500.00 ",1 (2019)," 567,500.00 "," 567,500.00 "
662,Drew VerHagen,DET,RP," 567,400.00 ",1 (2019)," 567,400.00 "," 567,400.00 "
663,Hunter Dozier,KC,3B," 567,225.00 ",1 (2019)," 567,225.00 "," 567,225.00 "
664,John Hicks,DET,C," 567,100.00 ",1 (2019)," 567,100.00 "," 567,100.00 "
664,JaCoby Jones,DET,CF," 567,100.00 ",1 (2019)," 567,100.00 "," 567,100.00 "
666,Daniel Palka,CWS,OF," 567,000.00 ",1 (2019)," 567,000.00 "," 567,000.00 "
667,Josh James,HOU,RP," 566,800.00 ",1 (2019)," 566,800.00 "," 566,800.00 "
668,Dinelson Lamet,SD,SP," 566,700.00 ",1 (2019)," 566,700.00 "," 566,700.00 "
668,Tyler Glasnow,TB,SP," 566,700.00 ",1 (2019)," 566,700.00 "," 566,700.00 "
670,Framber Valdez,HOU,RP," 566,600.00 ",1 (2019)," 566,600.00 "," 566,600.00 "
670,Daniel Stumpf,DET,RP," 566,600.00 ",1 (2019)," 566,600.00 "," 566,600.00 "
672,Orlando Arcia,MIL,SS," 565,700.00 ",1 (2019)," 565,700.00 "," 565,700.00 "
673,Pablo Reyes,PIT,OF," 565,500.00 ",1 (2019)," 565,500.00 "," 565,500.00 "
674,Ryan Borucki,TOR,SP," 565,200.00 ",1 (2019)," 565,200.00 "," 565,200.00 "
675,Joey Lucchesi,SD,SP," 565,100.00 ",1 (2019)," 565,100.00 "," 565,100.00 "
676,Chad Pinder,OAK,1B," 565,000.00 ",1 (2019)," 565,000.00 "," 565,000.00 "
676,Dylan Moore,SEA,3B," 565,000.00 ",1 (2019)," 565,000.00 "," 565,000.00 "
676,Andrew Knapp,PHI,C," 565,000.00 ",1 (2019)," 565,000.00 "," 565,000.00 "
676,Chris Bassitt,OAK,RP," 565,000.00 ",1 (2019)," 565,000.00 "," 565,000.00 "
676,Max Fried,ATL,RP," 565,000.00 ",1 (2019)," 565,000.00 "," 565,000.00 "
676,Chad Sobotka,ATL,RP," 565,000.00 ",1 (2019)," 565,000.00 "," 565,000.00 "
676,Wes Parsons,ATL,RP," 565,000.00 ",1 (2019)," 565,000.00 "," 565,000.00 "
676,Dylan Floro,LAD,RP," 565,000.00 ",1 (2019)," 565,000.00 "," 565,000.00 "
676,Brock Stewart,LAD,RP," 565,000.00 ",1 (2019)," 565,000.00 "," 565,000.00 "
676,Tayron Guerrero,MIA,RP," 565,000.00 ",1 (2019)," 565,000.00 "," 565,000.00 "
676,Jharel Cotton,OAK,SP," 565,000.00 ",1 (2019)," 565,000.00 "," 565,000.00 "
676,Bryse Wilson,ATL,SP," 565,000.00 ",1 (2019)," 565,000.00 "," 565,000.00 "
676,Kyle Wright,ATL,SP," 565,000.00 ",1 (2019)," 565,000.00 "," 565,000.00 "
676,Julio Urias,LAD,SP," 565,000.00 ",1 (2019)," 565,000.00 "," 565,000.00 "
676,Robert Stephenson,CIN,SP," 565,000.00 ",0 (2019)," 565,000.00 ", $NaN 
676,German Marquez,COL,SP," 565,000.00 ",1 (2019)," 565,000.00 "," 565,000.00 "
676,Kyle Freeland,COL,SP," 565,000.00 ",1 (2019)," 565,000.00 "," 565,000.00 "
693,Freddy Peralta,MIL,SP," 564,600.00 ",1 (2019)," 564,600.00 "," 564,600.00 "
693,Alex Reyes,STL,SP," 564,600.00 ",1 (2019)," 564,600.00 "," 564,600.00 "
695,Jordan Luplow,CLE,OF," 564,500.00 ",1 (2019)," 564,500.00 "," 564,500.00 "
696,Koda Glover,WSH,RP," 564,300.00 ",1 (2019)," 564,300.00 "," 564,300.00 "
697,Ryne Stanek,TB,RP," 564,200.00 ",1 (2019)," 564,200.00 "," 564,200.00 "
698,Drew Robinson,STL,3B," 564,100.00 ",1 (2019)," 564,100.00 "," 564,100.00 "
699,Marco Hernandez,BOS,3B," 564,000.00 ",1 (2019)," 564,000.00 "," 564,000.00 "
699,Jacob Stallings,PIT,C," 564,000.00 ",1 (2019)," 564,000.00 "," 564,000.00 "
699,Tyler O'Neill,STL,OF," 564,000.00 ",1 (2019)," 564,000.00 "," 564,000.00 "
699,Randy Rosario,CHC,RP," 564,000.00 ",1 (2019)," 564,000.00 "," 564,000.00 "
699,Seranthony Dominguez,PHI,RP," 564,000.00 ",1 (2019)," 564,000.00 "," 564,000.00 "
704,Taylor Williams,MIL,RP," 563,800.00 ",1 (2019)," 563,800.00 "," 563,800.00 "
704,Adam Cimber,CLE,RP," 563,800.00 ",1 (2019)," 563,800.00 "," 563,800.00 "
706,Mike Mayers,STL,RP," 563,700.00 ",1 (2019)," 563,700.00 "," 563,700.00 "
707,Pedro Severino,BAL,C," 563,500.00 ",1 (2019)," 563,500.00 "," 563,500.00 "
707,Keynan Middleton,LAA,RP," 563,500.00 ",1 (2019)," 563,500.00 "," 563,500.00 "
707,David Hess,BAL,SP," 563,500.00 ",1 (2019)," 563,500.00 "," 563,500.00 "
710,Ryan Yarbrough,TB,SP," 563,400.00 ",1 (2019)," 563,400.00 "," 563,400.00 "
711,Phil Maton,SD,RP," 562,900.00 ",1 (2019)," 562,900.00 "," 562,900.00 "
712,Dalton Pompey,TOR,OF," 562,800.00 ",1 (2019)," 562,800.00 "," 562,800.00 "
712,Corbin Burnes,MIL,SP," 562,800.00 ",1 (2019)," 562,800.00 "," 562,800.00 "
714,Wander Suero,WSH,RP," 562,500.00 ",1 (2019)," 562,500.00 "," 562,500.00 "
714,Eric Lauer,SD,SP," 562,500.00 ",1 (2019)," 562,500.00 "," 562,500.00 "
716,Willy Adames,TB,SS," 562,400.00 ",1 (2019)," 562,400.00 "," 562,400.00 "
717,Chasen Bradford,SEA,RP," 562,300.00 ",1 (2019)," 562,300.00 "," 562,300.00 "
718,Jorge Lopez,KC,SP," 562,250.00 ",1 (2019)," 562,250.00 "," 562,250.00 "
719,Jack Flaherty,STL,SP," 562,100.00 ",1 (2019)," 562,100.00 "," 562,100.00 "
720,Renato Nunez,BAL,3B," 562,000.00 ",1 (2019)," 562,000.00 "," 562,000.00 "
720,Richard Urena,TOR,SS," 562,000.00 ",1 (2019)," 562,000.00 "," 562,000.00 "
720,Yairo Munoz,STL,SS," 562,000.00 ",1 (2019)," 562,000.00 "," 562,000.00 "
723,Yonny Chirinos,TB,SP," 561,800.00 ",1 (2019)," 561,800.00 "," 561,800.00 "
724,David Bote,CHC,3B," 561,500.00 ",1 (2019)," 561,500.00 "," 561,500.00 "
724,Justin Anderson,LAA,RP," 561,500.00 ",1 (2019)," 561,500.00 "," 561,500.00 "
724,Diego Castillo,TB,RP," 561,500.00 ",1 (2019)," 561,500.00 "," 561,500.00 "
724,David Fletcher,LAA,SS," 561,500.00 ",1 (2019)," 561,500.00 "," 561,500.00 "
728,J.D. Davis,NYM,3B," 561,420.00 ",1 (2019)," 561,420.00 "," 561,420.00 "
729,Brandon Woodruff,MIL,SP," 561,400.00 ",1 (2019)," 561,400.00 "," 561,400.00 "
730,Dereck Rodriguez,SF,SP," 561,250.00 ",1 (2019)," 561,250.00 "," 561,250.00 "
731,Bradley Zimmer,CLE,CF," 561,200.00 ",1 (2019)," 561,200.00 "," 561,200.00 "
732,Socrates Brito,SD,RF," 561,000.00 ",1 (2019)," 561,000.00 "," 561,000.00 "
733,Tyler Olson,CLE,RP," 560,900.00 ",1 (2019)," 560,900.00 "," 560,900.00 "
734,Adam Kolarek,TB,RP," 560,800.00 ",1 (2019)," 560,800.00 "," 560,800.00 "
735,Jake Bauers,CLE,LF," 560,400.00 ",1 (2019)," 560,400.00 "," 560,400.00 "
735,Greg Allen,CLE,OF," 560,400.00 ",1 (2019)," 560,400.00 "," 560,400.00 "
735,Miguel Diaz,SD,RP," 560,400.00 ",1 (2019)," 560,400.00 "," 560,400.00 "
735,Wilmer Font,TB,RP," 560,400.00 ",1 (2019)," 560,400.00 "," 560,400.00 "
739,Jose Castillo,SD,RP," 560,300.00 ",1 (2019)," 560,300.00 "," 560,300.00 "
740,Franchy Cordero,SD,CF," 560,100.00 ",1 (2019)," 560,100.00 "," 560,100.00 "
740,Dwight Smith Jr.,BAL,OF," 560,100.00 ",1 (2019)," 560,100.00 "," 560,100.00 "
740,Thomas Pannone,TOR,RP," 560,100.00 ",1 (2019)," 560,100.00 "," 560,100.00 "
743,Ryan McMahon,COL,2B," 560,000.00 ",1 (2019)," 560,000.00 "," 560,000.00 "
743,Carson Kelly,ARI,C," 560,000.00 ",1 (2019)," 560,000.00 "," 560,000.00 "
743,Willians Astudillo,MIN,C," 560,000.00 ",1 (2019)," 560,000.00 "," 560,000.00 "
743,Ronald Acuna Jr.,ATL,LF," 560,000.00 ",1 (2019)," 560,000.00 "," 560,000.00 "
743,David Dahl,COL,LF," 560,000.00 ",1 (2019)," 560,000.00 "," 560,000.00 "
743,Alex Verdugo,LAD,OF," 560,000.00 ",1 (2019)," 560,000.00 "," 560,000.00 "
743,Rosell Herrera,MIA,OF," 560,000.00 ",1 (2019)," 560,000.00 "," 560,000.00 "
743,Raimel Tapia,COL,OF," 560,000.00 ",1 (2019)," 560,000.00 "," 560,000.00 "
743,Caleb Ferguson,LAD,RP," 560,000.00 ",1 (2019)," 560,000.00 "," 560,000.00 "
743,Adalberto Mejia,MIN,RP," 560,000.00 ",1 (2019)," 560,000.00 "," 560,000.00 "
743,Matt Magill,MIN,RP," 560,000.00 ",1 (2019)," 560,000.00 "," 560,000.00 "
743,Gabriel Moya,MIN,RP," 560,000.00 ",1 (2019)," 560,000.00 "," 560,000.00 "
743,Daniel Gossett,OAK,SP," 560,000.00 ",1 (2019)," 560,000.00 "," 560,000.00 "
743,Frankie Montas,OAK,SP," 560,000.00 ",1 (2019)," 560,000.00 "," 560,000.00 "
743,Aaron Brooks,OAK,SP," 560,000.00 ",1 (2019)," 560,000.00 "," 560,000.00 "
743,Antonio Senzatela,COL,SP," 560,000.00 ",1 (2019)," 560,000.00 "," 560,000.00 "
743,JT Riddle,MIA,SS," 560,000.00 ",1 (2019)," 560,000.00 "," 560,000.00 "
743,Jose Rondon,CWS,SS," 560,000.00 ",1 (2019)," 560,000.00 "," 560,000.00 "
761,Robert Stock,SD,RP," 559,900.00 ",1 (2019)," 559,500.00 "," 559,500.00 "
762,Christian Walker,ARI,1B," 559,800.00 ",1 (2019)," 559,800.00 "," 559,800.00 "
763,Shane Bieber,CLE,SP," 559,600.00 ",1 (2019)," 559,600.00 "," 559,600.00 "
764,Billy McKinney,TOR,OF," 559,400.00 ",1 (2019)," 559,400.00 "," 559,400.00 "
765,Dominic Smith,NYM,1B," 559,320.00 ",1 (2019)," 559,320.00 "," 559,320.00 "
766,Nick Rumbelow,SEA,RP," 559,300.00 ",1 (2019)," 559,300.00 "," 559,300.00 "
767,Andrew Stevenson,WSH,OF," 559,100.00 ",1 (2019)," 559,100.00 "," 559,100.00 "
767,Shawn Armstrong,SEA,RP," 559,100.00 ",1 (2019)," 559,100.00 "," 559,100.00 "
767,Victor Alcantara,DET,RP," 559,100.00 ",1 (2019)," 559,100.00 "," 559,100.00 "
767,Dakota Hudson,STL,SP," 559,100.00 ",1 (2019)," 559,100.00 "," 559,100.00 "
771,Roman Quinn,PHI,OF," 559,000.00 ",1 (2019)," 559,000.00 "," 559,000.00 "
771,Paul Fry,BAL,RP," 559,000.00 ",1 (2019)," 559,000.00 "," 559,000.00 "
771,Jimmy Yacabonis,BAL,RP," 559,000.00 ",1 (2019)," 559,000.00 "," 559,000.00 "
771,Nick Burdi,PIT,RP," 559,000.00 ",1 (2019)," 559,000.00 "," 559,000.00 "
771,Manny Banuelos,CWS,RP," 559,000.00 ",1 (2019)," 559,000.00 "," 559,000.00 "
776,Danny Jansen,TOR,C," 558,700.00 ",1 (2019)," 558,700.00 "," 558,700.00 "
777,Daniel Vogelbach,SEA,1B," 558,600.00 ",1 (2019)," 558,600.00 "," 558,600.00 "
777,Grayson Greiner,DET,C," 558,600.00 ",1 (2019)," 558,600.00 "," 558,600.00 "
779,Sam Travis,BOS,1B," 558,500.00 ",1 (2019)," 558,500.00 "," 558,500.00 "
779,Rio Ruiz,BAL,3B," 558,500.00 ",1 (2019)," 558,500.00 "," 558,500.00 "
779,David Freitas,SEA,C," 558,500.00 ",1 (2019)," 558,500.00 "," 558,500.00 "
782,Yandy Diaz,TB,3B," 558,400.00 ",1 (2019)," 558,400.00 "," 558,400.00 "
782,Bobby Wahl,MIL,RP," 558,400.00 ",0 (2019)," 558,400.00 ", $NaN 
784,Steven Duggar,SF,CF," 558,125.00 ",1 (2019)," 558,125.00 "," 558,125.00 "
785,Austin Wynns,BAL,C," 558,000.00 ",1 (2019)," 558,000.00 "," 558,000.00 "
785,Luke Farrell,TEX,RP," 558,000.00 ",1 (2019)," 558,000.00 "," 558,000.00 "
785,Jose De Leon,TB,RP," 558,000.00 ",1 (2019)," 558,000.00 "," 558,000.00 "
785,Yohander Mendez,TEX,SP," 558,000.00 ",1 (2019)," 558,000.00 "," 558,000.00 "
789,Victor Robles,WSH,CF," 557,800.00 ",1 (2019)," 557,800.00 "," 557,800.00 "
790,Ryan O'Hearn,KC,1B," 557,650.00 ",1 (2019)," 557,650.00 "," 557,650.00 "
791,Alex Blandino,CIN,3B," 557,500.00 ",1 (2019)," 557,500.00 "," 557,500.00 "
791,Kyle Farmer,CIN,C," 557,500.00 ",1 (2019)," 557,500.00 "," 557,500.00 "
791,Ramon Laureano,OAK,CF," 557,500.00 ",1 (2019)," 557,500.00 "," 557,500.00 "
791,Cedric Mullins,BAL,CF," 557,500.00 ",1 (2019)," 557,500.00 "," 557,500.00 "
791,Nick Martini,OAK,OF," 557,500.00 ",1 (2019)," 557,500.00 "," 557,500.00 "
791,Michael Reed,SF,RF," 557,500.00 ",1 (2019)," 557,500.00 "," 557,500.00 "
791,Taylor Cole,LAA,RP," 557,500.00 ",1 (2019)," 557,500.00 "," 557,500.00 "
791,Lou Trivino,OAK,RP," 557,500.00 ",1 (2019)," 557,500.00 "," 557,500.00 "
791,J.B. Wendelken,OAK,RP," 557,500.00 ",1 (2019)," 557,500.00 "," 557,500.00 "
791,Drew Smith,NYM,RP," 557,500.00 ",1 (2019)," 557,500.00 "," 557,500.00 "
791,Kevin Newman,PIT,SS," 557,500.00 ",1 (2019)," 557,500.00 "," 557,500.00 "
802,Austin Meadows,TB,RF," 557,400.00 ",1 (2019)," 557,400.00 "," 557,400.00 "
803,Ty Buttrey,LAA,RP," 557,250.00 ",1 (2019)," 557,250.00 "," 557,250.00 "
803,Stephen Tarpley,NYY,RP," 557,250.00 ",1 (2019)," 557,250.00 "," 557,250.00 "
805,Trey Wingenter,SD,RP," 557,200.00 ",1 (2019)," 557,200.00 "," 557,200.00 "
806,Cam Gallagher,KC,C," 557,125.00 ",1 (2019)," 557,125.00 "," 557,125.00 "
807,Garrett Hampson,COL,2B," 557,000.00 ",1 (2019)," 557,000.00 "," 557,000.00 "
807,Mike Tauchman,NYY,OF," 557,000.00 ",1 (2019)," 557,000.00 "," 557,000.00 "
807,Pedro Araujo,BAL,RP," 557,000.00 ",1 (2019)," 557,000.00 "," 557,000.00 "
807,Jeffrey Springs,TEX,RP," 557,000.00 ",1 (2019)," 557,000.00 "," 557,000.00 "
807,Colten Brewer,BOS,RP," 557,000.00 ",1 (2019)," 557,000.00 "," 557,000.00 "
807,DJ Johnson,COL,RP," 557,000.00 ",1 (2019)," 557,000.00 "," 557,000.00 "
807,Harrison Musgrave,COL,RP," 557,000.00 ",1 (2019)," 557,000.00 "," 557,000.00 "
814,Yoan Lopez,ARI,RP," 556,900.00 ",1 (2019)," 556,900.00 "," 556,900.00 "
815,Jacob Nix,SD,SP," 556,800.00 ",1 (2019)," 556,800.00 "," 556,800.00 "
815,Anthony Banda,TB,SP," 556,800.00 ",1 (2019)," 556,800.00 "," 556,800.00 "
817,Michael Perez,TB,C," 556,700.00 ",1 (2019)," 556,700.00 "," 556,700.00 "
818,Michael Hermosillo,LAA,OF," 556,500.00 ",1 (2019)," 556,500.00 "," 556,500.00 "
818,Jonathan Davis,TOR,OF," 556,500.00 ",1 (2019)," 556,500.00 "," 556,500.00 "
818,Mark Zagunis,CHC,RF," 556,500.00 ",1 (2019)," 556,500.00 "," 556,500.00 "
818,Jalen Beeks,TB,RP," 556,500.00 ",1 (2019)," 556,500.00 "," 556,500.00 "
818,Caleb Smith,MIA,SP," 556,500.00 ",1 (2019)," 556,500.00 "," 556,500.00 "
823,Christin Stewart,DET,LF," 556,400.00 ",1 (2019)," 556,400.00 "," 556,400.00 "
824,Tomas Nido,NYM,C," 556,300.00 ",1 (2019)," 556,300.00 "," 556,300.00 "
824,Francisco Mejia,SD,C," 556,300.00 ",1 (2019)," 556,300.00 "," 556,300.00 "
826,Spencer Turnbull,DET,SP," 556,100.00 ",1 (2019)," 556,100.00 "," 556,100.00 "
827,Ryan Burr,CWS,RP," 556,000.00 ",1 (2019)," 556,000.00 "," 556,000.00 "
827,Ian Hamilton,CWS,RP," 556,000.00 ",1 (2019)," 556,000.00 "," 556,000.00 "
827,Brett Kennedy,SD,SP," 556,000.00 ",1 (2019)," 556,000.00 "," 556,000.00 "
830,Luis Guillorme,NYM,2B," 555,960.00 ",1 (2019)," 555,960.00 "," 555,960.00 "
831,Jon Edwards,CLE,RP," 555,900.00 ",1 (2019)," 555,900.00 "," 555,900.00 "
832,Matt Festa,SEA,RP," 555,500.00 ",1 (2019)," 555,500.00 "," 555,500.00 "
832,John Means,BAL,RP," 555,500.00 ",1 (2019)," 555,500.00 "," 555,500.00 "
834,Trevor Oaks,KC,RP," 555,350.00 ",0 (2019)," 555,350.00 ", $NaN 
835,Gerson Bautista,SEA,RP," 555,200.00 ",1 (2019)," 555,200.00 "," 555,200.00 "
836,Justin Williams,STL,OF," 555,100.00 ",0 (2019)," 555,100.00 ", $NaN 
837,Rowdy Tellez,TOR,1B," 555,000.00 ",1 (2019)," 555,000.00 "," 555,000.00 "
837,Pete Alonso,NYM,1B," 555,000.00 ",1 (2019)," 555,000.00 "," 555,000.00 "
837,Frank Schwindel,KC,1B," 555,000.00 ",1 (2019)," 555,000.00 "," 555,000.00 "
837,Jake Noll,WSH,2B," 555,000.00 ",1 (2019)," 555,000.00 "," 555,000.00 "
837,Connor Joe,SF,3B," 555,000.00 ",1 (2019)," 555,000.00 "," 555,000.00 "
837,Chad Wallach,MIA,C," 555,000.00 ",1 (2019)," 555,000.00 "," 555,000.00 "
837,Scott Heineman,TEX,OF," 555,000.00 ",1 (2019)," 555,000.00 "," 555,000.00 "
837,Dustin Peterson,DET,OF," 555,000.00 ",1 (2019)," 555,000.00 "," 555,000.00 "
837,Ryan Cordell,CWS,OF," 555,000.00 ",1 (2019)," 555,000.00 "," 555,000.00 "
837,Garrett Cooper,MIA,RF," 555,000.00 ",1 (2019)," 555,000.00 "," 555,000.00 "
837,Elvis Luciano,TOR,RP," 555,000.00 ",1 (2019)," 555,000.00 "," 555,000.00 "
837,Javy Guerra,TOR,RP," 555,000.00 ",1 (2019)," 555,000.00 "," 555,000.00 "
837,Jordan Hicks,STL,RP," 555,000.00 ",1 (2019)," 555,000.00 "," 555,000.00 "
837,Travis Bergen,SF,RP," 555,000.00 ",1 (2019)," 555,000.00 "," 555,000.00 "
837,Nick Vincent,SF,RP," 555,000.00 ",1 (2019)," 555,000.00 "," 555,000.00 "
837,Tyler Kinley,MIA,RP," 555,000.00 ",1 (2019)," 555,000.00 "," 555,000.00 "
837,Nick Anderson,MIA,RP," 555,000.00 ",1 (2019)," 555,000.00 "," 555,000.00 "
837,Austin Brice,MIA,RP," 555,000.00 ",1 (2019)," 555,000.00 "," 555,000.00 "
837,Julian Fernandez,MIA,RP," 555,000.00 ",1 (2019)," 555,000.00 "," 555,000.00 "
837,Riley Ferrell,MIA,RP," 555,000.00 ",1 (2019)," 555,000.00 "," 555,000.00 "
837,Tim Peterson,NYM,RP," 555,000.00 ",1 (2019)," 555,000.00 "," 555,000.00 "
837,Kyle Dowdy,TEX,RP," 555,000.00 ",1 (2019)," 555,000.00 "," 555,000.00 "
837,Kyle Bird,TEX,RP," 555,000.00 ",1 (2019)," 555,000.00 "," 555,000.00 "
837,Kyle Zimmer,KC,RP," 555,000.00 ",1 (2019)," 555,000.00 "," 555,000.00 "
837,Chris Ellis,KC,RP," 555,000.00 ",1 (2019)," 555,000.00 "," 555,000.00 "
837,Reed Garrett,DET,RP," 555,000.00 ",1 (2019)," 555,000.00 "," 555,000.00 "
837,Gregory Soto,DET,RP," 555,000.00 ",1 (2019)," 555,000.00 "," 555,000.00 "
837,Ryne Harper,MIN,RP," 555,000.00 ",1 (2019)," 555,000.00 "," 555,000.00 "
837,Caleb Frare,CWS,RP," 555,000.00 ",1 (2019)," 555,000.00 "," 555,000.00 "
837,Ben Heller,NYY,RP," 555,000.00 ",1 (2019)," 555,000.00 "," 555,000.00 "
837,Trent Thornton,TOR,SP," 555,000.00 ",1 (2019)," 555,000.00 "," 555,000.00 "
837,Pablo Lopez,MIA,SP," 555,000.00 ",1 (2019)," 555,000.00 "," 555,000.00 "
837,Sandy Alcantara,MIA,SP," 555,000.00 ",1 (2019)," 555,000.00 "," 555,000.00 "
837,Chris Paddack,SD,SP," 555,000.00 ",1 (2019)," 555,000.00 "," 555,000.00 "
837,Michael Kopech,CWS,SP," 555,000.00 ",1 (2019)," 555,000.00 "," 555,000.00 "
837,Ildemaro Vargas,ARI,SS," 555,000.00 ",1 (2019)," 555,000.00 "," 555,000.00 "
837,Eric Stamets,CLE,SS," 555,000.00 ",1 (2019)," 555,000.00 "," 555,000.00 "
837,Richie Martin,BAL,SS," 555,000.00 ",1 (2019)," 555,000.00 "," 555,000.00 "
837,Drew Jackson,BAL,SS," 555,000.00 ",1 (2019)," 555,000.00 "," 555,000.00 "
837,Fernando Tatis Jr.,SD,SS," 555,000.00 ",1 (2019)," 555,000.00 "," 555,000.00 "
837,Troy Tulowitzki,NYY,SS," 555,000.00 ",1 (2019)," 555,000.00 "," 555,000.00 "